component_id,track_count,artist_count,album_count,split_count,splits,cross_split,min_track_id,max_track_id
fma-small-cc-000002,3,1,2,1,training,False,2,80293
fma-small-cc-000010,14,2,6,2,test;training,True,10,94803
fma-small-cc-000140,2,1,2,1,training,False,140,141
fma-small-cc-000148,1,1,1,1,validation,False,148,148
fma-small-cc-000182,1,1,1,1,test,False,182,182
fma-small-cc-000190,15,1,4,1,training,False,190,3598
fma-small-cc-000213,1,1,1,1,training,False,213,213
fma-small-cc-000255,6,1,4,1,training,False,255,55437
fma-small-cc-000256,1,1,1,1,training,False,256,256
fma-small-cc-000368,1,1,1,1,training,False,368,368
fma-small-cc-000424,1,1,1,1,training,False,424,424
fma-small-cc-000459,1,1,1,1,validation,False,459,459
fma-small-cc-000534,3,1,1,1,training,False,534,546
fma-small-cc-000574,1,1,1,1,training,False,574,574
fma-small-cc-000602,1,1,1,1,validation,False,602,602
fma-small-cc-000615,1,1,1,1,training,False,615,615
fma-small-cc-000666,2,1,1,1,training,False,666,667
fma-small-cc-000676,1,1,1,1,training,False,676,676
fma-small-cc-000690,1,1,1,1,validation,False,690,690
fma-small-cc-000694,2,1,2,1,training,False,694,695
fma-small-cc-000704,6,1,1,1,test,False,704,709
fma-small-cc-000714,4,1,2,1,training,False,714,718
fma-small-cc-000777,1,1,1,1,training,False,777,777
fma-small-cc-000814,5,1,5,1,training,False,814,27856
fma-small-cc-000821,2,1,1,1,training,False,821,822
fma-small-cc-000825,1,1,1,1,training,False,825,825
fma-small-cc-000853,2,2,1,1,training,False,853,1082
fma-small-cc-000890,2,1,2,1,test,False,890,892
fma-small-cc-000897,1,1,1,1,training,False,897,897
fma-small-cc-000993,1,1,1,1,validation,False,993,993
fma-small-cc-000995,3,1,1,1,training,False,995,998
fma-small-cc-001039,4,1,3,1,training,False,1039,3840
fma-small-cc-001066,24,1,4,1,test,False,1066,63161
fma-small-cc-001083,1,1,1,1,training,False,1083,1083
fma-small-cc-001087,1,1,1,1,validation,False,1087,1087
fma-small-cc-001102,1,1,1,1,training,False,1102,1102
fma-small-cc-001193,4,1,1,1,training,False,1193,1197
fma-small-cc-001249,2,1,2,1,test,False,1249,1259
fma-small-cc-001270,1,1,1,1,training,False,1270,1270
fma-small-cc-001276,3,1,2,1,training,False,1276,1278
fma-small-cc-001417,1,1,1,1,training,False,1417,1417
fma-small-cc-001427,1,1,1,1,training,False,1427,1427
fma-small-cc-001443,2,1,2,1,training,False,1443,86576
fma-small-cc-001482,1,1,1,1,training,False,1482,1482
fma-small-cc-001510,1,1,1,1,training,False,1510,1510
fma-small-cc-001544,1,1,1,1,training,False,1544,1544
fma-small-cc-001642,4,1,1,1,training,False,1642,1661
fma-small-cc-001663,2,1,1,1,training,False,1663,1666
fma-small-cc-001673,1,1,1,1,training,False,1673,1673
fma-small-cc-001680,21,1,3,1,training,False,1680,6389
fma-small-cc-001701,4,1,2,1,training,False,1701,1704
fma-small-cc-001706,1,1,1,1,training,False,1706,1706
fma-small-cc-001720,8,1,6,1,training,False,1720,48763
fma-small-cc-001732,4,1,1,1,training,False,1732,1736
fma-small-cc-001883,1,1,1,1,training,False,1883,1883
fma-small-cc-001891,1,1,1,1,training,False,1891,1891
fma-small-cc-001893,1,1,1,1,validation,False,1893,1893
fma-small-cc-001924,2,1,2,1,training,False,1924,1925
fma-small-cc-001929,1,1,1,1,training,False,1929,1929
fma-small-cc-001930,1,1,1,1,training,False,1930,1930
fma-small-cc-002012,1,1,1,1,validation,False,2012,2012
fma-small-cc-002096,1,1,1,1,training,False,2096,2096
fma-small-cc-002099,1,1,1,1,training,False,2099,2099
fma-small-cc-003263,4,1,1,1,validation,False,3263,3266
fma-small-cc-003270,5,1,1,1,training,False,3270,3274
fma-small-cc-003492,1,1,1,1,training,False,3492,3492
fma-small-cc-003532,43,22,6,3,test;training;validation,True,3532,123506
fma-small-cc-003573,1,1,1,1,training,False,3573,3573
fma-small-cc-003624,1,1,1,1,test,False,3624,3624
fma-small-cc-003707,2,1,1,1,training,False,3707,3708
fma-small-cc-003720,5,1,1,1,training,False,3720,3725
fma-small-cc-003761,5,1,1,1,training,False,3761,3766
fma-small-cc-003775,5,1,1,1,training,False,3775,3779
fma-small-cc-003832,4,1,1,1,training,False,3832,6856
fma-small-cc-003880,3,1,1,1,training,False,3880,5381
fma-small-cc-003895,2,1,1,1,training,False,3895,3896
fma-small-cc-003904,18,1,4,1,training,False,3904,110441
fma-small-cc-003920,2,1,1,1,training,False,3920,3921
fma-small-cc-003950,1,1,1,1,training,False,3950,3950
fma-small-cc-004013,2,1,1,1,training,False,4013,4017
fma-small-cc-004022,1,1,1,1,validation,False,4022,4022
fma-small-cc-004037,1,1,1,1,training,False,4037,4037
fma-small-cc-004066,4,1,1,1,training,False,4066,4069
fma-small-cc-004070,11,1,1,1,training,False,4070,4080
fma-small-cc-004091,13,1,1,1,training,False,4091,4103
fma-small-cc-004108,1,1,1,1,test,False,4108,4108
fma-small-cc-004450,1,1,1,1,training,False,4450,4450
fma-small-cc-004507,5,1,1,1,training,False,4507,4511
fma-small-cc-004519,4,1,1,1,training,False,4519,4522
fma-small-cc-004682,6,1,2,1,training,False,4682,5268
fma-small-cc-004777,11,1,1,1,training,False,4777,4788
fma-small-cc-004799,1,1,1,1,training,False,4799,4799
fma-small-cc-004835,4,1,1,1,training,False,4835,6788
fma-small-cc-004846,3,1,1,1,training,False,4846,4849
fma-small-cc-005006,1,1,1,1,training,False,5006,5006
fma-small-cc-005156,10,1,2,1,training,False,5156,110384
fma-small-cc-005191,1,1,1,1,validation,False,5191,5191
fma-small-cc-005521,65,27,13,3,test;training;validation,True,5521,147086
fma-small-cc-005879,1,1,1,1,training,False,5879,5879
fma-small-cc-005936,1,1,1,1,training,False,5936,5936
fma-small-cc-005940,1,1,1,1,training,False,5940,5940
fma-small-cc-006329,4,1,1,1,training,False,6329,6396
fma-small-cc-006331,5,1,1,1,validation,False,6331,6390
fma-small-cc-006332,9,1,2,1,training,False,6332,60549
fma-small-cc-006333,10,1,2,1,validation,False,6333,98671
fma-small-cc-006342,4,1,1,1,training,False,6342,6459
fma-small-cc-006360,4,1,1,1,training,False,6360,6469
fma-small-cc-006406,2,1,1,1,training,False,6406,6407
fma-small-cc-006439,5,1,1,1,training,False,6439,6448
fma-small-cc-006461,7,1,2,1,validation,False,6461,51661
fma-small-cc-006517,2,1,1,1,training,False,6517,6519
fma-small-cc-006603,8,1,1,1,training,False,6603,6611
fma-small-cc-006674,6,1,1,1,training,False,6674,6684
fma-small-cc-006776,2,1,1,1,training,False,6776,6778
fma-small-cc-006779,3,1,1,1,validation,False,6779,6783
fma-small-cc-006802,2,1,1,1,training,False,6802,6803
fma-small-cc-006857,1,1,1,1,training,False,6857,6857
fma-small-cc-007011,1,1,1,1,validation,False,7011,7011
fma-small-cc-007481,9,1,1,1,training,False,7481,7492
fma-small-cc-007495,1,1,1,1,training,False,7495,7495
fma-small-cc-007526,110,40,25,3,test;training;validation,True,7526,128484
fma-small-cc-007548,2,1,1,1,training,False,7548,7554
fma-small-cc-007709,10,1,3,1,training,False,7709,113344
fma-small-cc-007872,1,1,1,1,training,False,7872,7872
fma-small-cc-008056,1,1,1,1,training,False,8056,8056
fma-small-cc-008208,1,1,1,1,training,False,8208,8208
fma-small-cc-008256,3,1,1,1,training,False,8256,8261
fma-small-cc-008345,1,1,1,1,training,False,8345,8345
fma-small-cc-008357,3,2,1,1,training,False,8357,8372
fma-small-cc-008416,1,1,1,1,training,False,8416,8416
fma-small-cc-009152,1,1,1,1,training,False,9152,9152
fma-small-cc-009155,1,1,1,1,test,False,9155,9155
fma-small-cc-009307,1,1,1,1,training,False,9307,9307
fma-small-cc-009476,1,1,1,1,training,False,9476,9476
fma-small-cc-009477,23,1,8,1,training,False,9477,72149
fma-small-cc-009491,1,1,1,1,training,False,9491,9491
fma-small-cc-009511,1,1,1,1,training,False,9511,9511
fma-small-cc-009512,1,1,1,1,training,False,9512,9512
fma-small-cc-009513,1,1,1,1,training,False,9513,9513
fma-small-cc-009550,7,1,2,1,validation,False,9550,40984
fma-small-cc-009678,3,1,2,1,training,False,9678,49401
fma-small-cc-009846,1,1,1,1,training,False,9846,9846
fma-small-cc-009887,6,2,2,1,training,False,9887,67766
fma-small-cc-009918,1,1,1,1,training,False,9918,9918
fma-small-cc-009962,1,1,1,1,training,False,9962,9962
fma-small-cc-010186,1,1,1,1,training,False,10186,10186
fma-small-cc-010192,2,1,1,1,training,False,10192,13804
fma-small-cc-010250,1,1,1,1,test,False,10250,10250
fma-small-cc-010374,4,1,1,1,training,False,10374,10377
fma-small-cc-010381,91,1,13,1,test,False,10381,63457
fma-small-cc-010435,9,5,3,1,training,False,10435,48931
fma-small-cc-010458,1,1,1,1,training,False,10458,10458
fma-small-cc-010575,2,1,2,1,training,False,10575,10577
fma-small-cc-010668,10,1,1,1,training,False,10668,10677
fma-small-cc-010693,11,1,3,1,training,False,10693,83613
fma-small-cc-010805,6,1,1,1,training,False,10805,10810
fma-small-cc-011198,5,5,1,2,test;training,True,11198,11206
fma-small-cc-011261,1,1,1,1,training,False,11261,11261
fma-small-cc-011262,5,5,1,1,training,False,11262,11299
fma-small-cc-011306,1,1,1,1,training,False,11306,11306
fma-small-cc-011333,2,1,1,1,training,False,11333,11334
fma-small-cc-011544,1,1,1,1,training,False,11544,11544
fma-small-cc-011638,1,1,1,1,training,False,11638,11638
fma-small-cc-011671,10,1,1,1,training,False,11671,11683
fma-small-cc-011763,33,1,1,1,training,False,11763,11795
fma-small-cc-011803,2,2,1,2,training;validation,True,11803,11818
fma-small-cc-011839,5,1,2,1,training,False,11839,11868
fma-small-cc-011916,7,1,1,1,training,False,11916,11922
fma-small-cc-011933,3,3,1,1,training,False,11933,11942
fma-small-cc-011946,3,3,1,1,training,False,11946,11951
fma-small-cc-012109,1,1,1,1,training,False,12109,12109
fma-small-cc-012146,2,1,1,1,training,False,12146,12147
fma-small-cc-012173,43,7,14,3,test;training;validation,True,12173,91306
fma-small-cc-012188,7,6,2,3,test;training;validation,True,12188,60478
fma-small-cc-012346,1,1,1,1,training,False,12346,12346
fma-small-cc-012348,7,1,1,1,training,False,12348,12355
fma-small-cc-012376,1,1,1,1,training,False,12376,12376
fma-small-cc-012387,8,5,4,3,test;training;validation,True,12387,60510
fma-small-cc-012527,4,4,1,2,training;validation,True,12527,12532
fma-small-cc-012690,3,1,1,1,test,False,12690,12692
fma-small-cc-012737,3,1,3,1,training,False,12737,148168
fma-small-cc-012985,15,1,2,1,training,False,12985,144477
fma-small-cc-013191,77,4,21,1,training,False,13191,146685
fma-small-cc-013201,3,2,2,2,training;validation,True,13201,13596
fma-small-cc-013218,2,2,1,1,training,False,13218,13220
fma-small-cc-013325,104,37,14,3,test;training;validation,True,13325,107852
fma-small-cc-013362,2,2,1,1,training,False,13362,13378
fma-small-cc-013474,1,1,1,1,validation,False,13474,13474
fma-small-cc-013537,4,1,1,1,training,False,13537,13540
fma-small-cc-013556,5,4,2,2,training;validation,True,13556,13571
fma-small-cc-013578,2,1,2,1,test,False,13578,67457
fma-small-cc-013666,18,7,5,2,test;training,True,13666,43911
fma-small-cc-013735,1,1,1,1,training,False,13735,13735
fma-small-cc-013747,3,1,1,1,training,False,13747,13749
fma-small-cc-013767,2,1,1,1,training,False,13767,13768
fma-small-cc-013927,2,2,1,1,training,False,13927,13928
fma-small-cc-013929,2,2,1,1,training,False,13929,13930
fma-small-cc-014063,1,1,1,1,training,False,14063,14063
fma-small-cc-014208,1,1,1,1,training,False,14208,14208
fma-small-cc-014315,23,1,6,1,validation,False,14315,108868
fma-small-cc-014344,1,1,1,1,training,False,14344,14344
fma-small-cc-014358,1,1,1,1,training,False,14358,14358
fma-small-cc-014363,2,1,1,1,validation,False,14363,14365
fma-small-cc-014386,1,1,1,1,training,False,14386,14386
fma-small-cc-014391,1,1,1,1,validation,False,14391,14391
fma-small-cc-014538,10,1,2,1,training,False,14538,56499
fma-small-cc-014568,60,5,11,1,training,False,14568,61592
fma-small-cc-014601,4,1,1,1,test,False,14601,14604
fma-small-cc-014661,3,1,1,1,training,False,14661,14693
fma-small-cc-014663,1,1,1,1,test,False,14663,14663
fma-small-cc-014733,15,1,2,1,test,False,14733,82464
fma-small-cc-014809,1,1,1,1,training,False,14809,14809
fma-small-cc-014869,1,1,1,1,validation,False,14869,14869
fma-small-cc-015094,1,1,1,1,test,False,15094,15094
fma-small-cc-015210,1,1,1,1,training,False,15210,15210
fma-small-cc-015464,5,1,1,1,training,False,15464,15476
fma-small-cc-015487,1,1,1,1,training,False,15487,15487
fma-small-cc-015488,1,1,1,1,training,False,15488,15488
fma-small-cc-015625,1,1,1,1,training,False,15625,15625
fma-small-cc-015769,5,1,1,1,validation,False,15769,15773
fma-small-cc-015880,1,1,1,1,training,False,15880,15880
fma-small-cc-016095,1,1,1,1,training,False,16095,16095
fma-small-cc-016334,1,1,1,1,training,False,16334,16334
fma-small-cc-016337,4,1,1,1,test,False,16337,16340
fma-small-cc-016354,1,1,1,1,training,False,16354,16354
fma-small-cc-016743,4,1,1,1,training,False,16743,16747
fma-small-cc-016819,4,1,1,1,training,False,16819,16822
fma-small-cc-016878,3,1,1,1,training,False,16878,16880
fma-small-cc-016895,1,1,1,1,validation,False,16895,16895
fma-small-cc-016994,3,1,1,1,test,False,16994,16997
fma-small-cc-017132,1,1,1,1,training,False,17132,17132
fma-small-cc-017344,3,1,1,1,validation,False,17344,73087
fma-small-cc-017462,1,1,1,1,training,False,17462,17462
fma-small-cc-017491,4,1,1,1,training,False,17491,17500
fma-small-cc-017573,5,2,2,1,training,False,17573,52862
fma-small-cc-017588,2,1,2,1,training,False,17588,29816
fma-small-cc-017605,16,1,2,1,training,False,17605,56474
fma-small-cc-017631,7,1,1,1,training,False,17631,17637
fma-small-cc-017644,1,1,1,1,training,False,17644,17644
fma-small-cc-017735,1,1,1,1,training,False,17735,17735
fma-small-cc-017782,1,1,1,1,training,False,17782,17782
fma-small-cc-017884,1,1,1,1,training,False,17884,17884
fma-small-cc-017906,1,1,1,1,training,False,17906,17906
fma-small-cc-018031,4,1,1,1,training,False,18031,18034
fma-small-cc-018037,3,1,1,1,validation,False,18037,18039
fma-small-cc-018043,3,1,2,1,training,False,18043,80351
fma-small-cc-018112,3,1,3,1,test,False,18112,84152
fma-small-cc-018124,1,1,1,1,training,False,18124,18124
fma-small-cc-018159,1,1,1,1,training,False,18159,18159
fma-small-cc-018197,5,1,4,1,training,False,18197,119715
fma-small-cc-018350,1,1,1,1,test,False,18350,18350
fma-small-cc-018876,2,1,1,1,training,False,18876,18877
fma-small-cc-018887,1,1,1,1,training,False,18887,18887
fma-small-cc-019073,2,1,1,1,training,False,19073,19074
fma-small-cc-019179,3,1,1,1,training,False,19179,19187
fma-small-cc-019192,1,1,1,1,training,False,19192,19192
fma-small-cc-019412,9,1,1,1,training,False,19412,19423
fma-small-cc-019459,1,1,1,1,training,False,19459,19459
fma-small-cc-019673,2,1,1,1,validation,False,19673,19674
fma-small-cc-019685,1,1,1,1,test,False,19685,19685
fma-small-cc-019689,1,1,1,1,validation,False,19689,19689
fma-small-cc-019707,2,1,2,1,training,False,19707,19708
fma-small-cc-019729,1,1,1,1,training,False,19729,19729
fma-small-cc-019758,3,1,1,1,training,False,19758,19760
fma-small-cc-019889,3,1,1,1,training,False,19889,19891
fma-small-cc-020050,1,1,1,1,training,False,20050,20050
fma-small-cc-020424,3,1,2,1,training,False,20424,40161
fma-small-cc-020432,1,1,1,1,training,False,20432,20432
fma-small-cc-020469,1,1,1,1,training,False,20469,20469
fma-small-cc-020667,1,1,1,1,test,False,20667,20667
fma-small-cc-020704,1,1,1,1,training,False,20704,20704
fma-small-cc-020818,1,1,1,1,validation,False,20818,20818
fma-small-cc-021058,1,1,1,1,training,False,21058,21058
fma-small-cc-021085,1,1,1,1,training,False,21085,21085
fma-small-cc-021167,1,1,1,1,training,False,21167,21167
fma-small-cc-021228,4,4,1,1,training,False,21228,28553
fma-small-cc-021400,6,6,1,1,training,False,21400,21409
fma-small-cc-021422,2,1,2,1,training,False,21422,35299
fma-small-cc-021565,2,1,1,1,validation,False,21565,21587
fma-small-cc-021657,1,1,1,1,training,False,21657,21657
fma-small-cc-021672,3,1,1,1,training,False,21672,21677
fma-small-cc-021707,1,1,1,1,training,False,21707,21707
fma-small-cc-021774,1,1,1,1,training,False,21774,21774
fma-small-cc-021842,1,1,1,1,training,False,21842,21842
fma-small-cc-021859,2,1,1,1,training,False,21859,21860
fma-small-cc-021891,11,1,3,1,training,False,21891,141594
fma-small-cc-021995,7,1,1,1,test,False,21995,22001
fma-small-cc-022150,1,1,1,1,validation,False,22150,22150
fma-small-cc-022296,2,1,1,1,validation,False,22296,22315
fma-small-cc-022348,1,1,1,1,training,False,22348,22348
fma-small-cc-023010,1,1,1,1,test,False,23010,23010
fma-small-cc-023015,1,1,1,1,training,False,23015,23015
fma-small-cc-023016,1,1,1,1,training,False,23016,23016
fma-small-cc-023037,8,7,2,2,test;training,True,23037,42048
fma-small-cc-023063,1,1,1,1,test,False,23063,23063
fma-small-cc-023155,2,1,1,1,training,False,23155,23156
fma-small-cc-023172,1,1,1,1,training,False,23172,23172
fma-small-cc-023329,1,1,1,1,validation,False,23329,23329
fma-small-cc-023353,1,1,1,1,training,False,23353,23353
fma-small-cc-023355,1,1,1,1,validation,False,23355,23355
fma-small-cc-023372,1,1,1,1,training,False,23372,23372
fma-small-cc-023505,5,1,2,1,training,False,23505,64334
fma-small-cc-024216,8,1,2,1,training,False,24216,57630
fma-small-cc-024362,10,1,1,1,training,False,24362,24371
fma-small-cc-024418,24,1,2,1,training,False,24418,36997
fma-small-cc-024512,4,4,1,1,training,False,24512,24524
fma-small-cc-024698,5,1,1,1,training,False,24698,24702
fma-small-cc-024717,2,1,1,1,training,False,24717,24720
fma-small-cc-024739,3,1,1,1,training,False,24739,24742
fma-small-cc-024745,10,1,2,1,training,False,24745,43596
fma-small-cc-024842,1,1,1,1,training,False,24842,24842
fma-small-cc-024898,6,1,1,1,training,False,24898,24917
fma-small-cc-025028,6,1,1,1,validation,False,25028,25033
fma-small-cc-025055,1,1,1,1,test,False,25055,25055
fma-small-cc-025063,1,1,1,1,training,False,25063,25063
fma-small-cc-025066,1,1,1,1,training,False,25066,25066
fma-small-cc-025104,2,1,1,1,training,False,25104,25124
fma-small-cc-025215,11,1,2,1,training,False,25215,42247
fma-small-cc-025227,5,1,1,1,training,False,25227,25235
fma-small-cc-025324,1,1,1,1,training,False,25324,25324
fma-small-cc-025378,1,1,1,1,training,False,25378,25378
fma-small-cc-025601,13,3,2,1,training,False,25601,53160
fma-small-cc-026034,3,1,1,1,training,False,26034,26036
fma-small-cc-026298,5,1,4,1,training,False,26298,26322
fma-small-cc-026464,4,1,2,1,training,False,26464,31356
fma-small-cc-026583,42,16,12,3,test;training;validation,True,26583,146989
fma-small-cc-026629,1,1,1,1,training,False,26629,26629
fma-small-cc-026638,6,1,1,1,training,False,26638,26643
fma-small-cc-026651,9,1,1,1,training,False,26651,26659
fma-small-cc-026674,2,1,1,1,training,False,26674,26681
fma-small-cc-026754,2,1,1,1,training,False,26754,26765
fma-small-cc-026859,2,1,1,1,test,False,26859,26861
fma-small-cc-027164,1,1,1,1,training,False,27164,27164
fma-small-cc-027194,4,1,1,1,training,False,27194,27198
fma-small-cc-027258,1,1,1,1,training,False,27258,27258
fma-small-cc-027406,1,1,1,1,training,False,27406,27406
fma-small-cc-027547,6,1,1,1,training,False,27547,27552
fma-small-cc-027609,5,1,1,1,training,False,27609,27613
fma-small-cc-027667,1,1,1,1,training,False,27667,27667
fma-small-cc-027673,1,1,1,1,training,False,27673,27673
fma-small-cc-027797,8,7,2,2,training;validation,True,27797,130927
fma-small-cc-027866,1,1,1,1,training,False,27866,27866
fma-small-cc-027945,2,1,1,1,training,False,27945,27953
fma-small-cc-027975,4,1,2,1,training,False,27975,27987
fma-small-cc-028070,3,1,2,1,test,False,28070,47526
fma-small-cc-028179,1,1,1,1,test,False,28179,28179
fma-small-cc-028241,2,1,2,1,training,False,28241,29465
fma-small-cc-028260,4,3,2,3,test;training;validation,True,28260,56895
fma-small-cc-028375,2,1,1,1,validation,False,28375,28376
fma-small-cc-028477,17,2,4,1,training,False,28477,73469
fma-small-cc-028546,1,1,1,1,training,False,28546,28546
fma-small-cc-028548,1,1,1,1,training,False,28548,28548
fma-small-cc-028571,8,1,3,1,training,False,28571,108060
fma-small-cc-028692,1,1,1,1,test,False,28692,28692
fma-small-cc-028802,1,1,1,1,test,False,28802,28802
fma-small-cc-029037,8,1,2,1,validation,False,29037,30895
fma-small-cc-029045,1,1,1,1,training,False,29045,29045
fma-small-cc-029128,1,1,1,1,training,False,29128,29128
fma-small-cc-029180,1,1,1,1,training,False,29180,29180
fma-small-cc-029243,3,1,1,1,training,False,29243,29255
fma-small-cc-029350,3,3,1,3,test;training;validation,True,29350,29355
fma-small-cc-029480,1,1,1,1,training,False,29480,29480
fma-small-cc-029526,3,1,1,1,validation,False,29526,29530
fma-small-cc-029587,1,1,1,1,training,False,29587,29587
fma-small-cc-029602,1,1,1,1,training,False,29602,29602
fma-small-cc-029673,1,1,1,1,training,False,29673,29673
fma-small-cc-029718,4,1,1,1,training,False,29718,29721
fma-small-cc-029807,2,1,1,1,training,False,29807,29813
fma-small-cc-029961,1,1,1,1,training,False,29961,29961
fma-small-cc-029971,5,1,2,1,training,False,29971,31392
fma-small-cc-030041,19,1,6,1,training,False,30041,97374
fma-small-cc-030090,2,1,1,1,training,False,30090,30095
fma-small-cc-030120,1,1,1,1,training,False,30120,30120
fma-small-cc-030230,1,1,1,1,training,False,30230,30230
fma-small-cc-030316,1,1,1,1,test,False,30316,30316
fma-small-cc-030486,10,1,3,1,training,False,30486,46241
fma-small-cc-030519,4,1,1,1,training,False,30519,30522
fma-small-cc-030636,1,1,1,1,training,False,30636,30636
fma-small-cc-030682,1,1,1,1,validation,False,30682,30682
fma-small-cc-030690,14,6,5,2,training;validation,True,30690,48317
fma-small-cc-030740,1,1,1,1,training,False,30740,30740
fma-small-cc-031040,5,1,1,1,training,False,31040,31044
fma-small-cc-031165,1,1,1,1,training,False,31165,31165
fma-small-cc-031568,1,1,1,1,validation,False,31568,31568
fma-small-cc-031807,1,1,1,1,training,False,31807,31807
fma-small-cc-031887,3,1,1,1,training,False,31887,31889
fma-small-cc-031999,2,1,1,1,training,False,31999,32001
fma-small-cc-032021,1,1,1,1,training,False,32021,32021
fma-small-cc-032075,2,1,1,1,training,False,32075,32081
fma-small-cc-032218,1,1,1,1,training,False,32218,32218
fma-small-cc-032325,17,1,2,1,training,False,32325,58474
fma-small-cc-032433,5,5,1,2,test;training,True,32433,32439
fma-small-cc-032525,1,1,1,1,training,False,32525,32525
fma-small-cc-032686,9,1,2,1,training,False,32686,140566
fma-small-cc-032800,7,1,3,1,training,False,32800,54064
fma-small-cc-033020,2,1,2,1,training,False,33020,59078
fma-small-cc-033049,2,1,1,1,training,False,33049,33050
fma-small-cc-033064,1,1,1,1,training,False,33064,33064
fma-small-cc-033067,6,1,1,1,training,False,33067,33072
fma-small-cc-033123,47,13,8,1,training,False,33123,123509
fma-small-cc-033203,1,1,1,1,training,False,33203,33203
fma-small-cc-033216,2,2,1,1,training,False,33216,33221
fma-small-cc-033278,1,1,1,1,training,False,33278,33278
fma-small-cc-033415,4,4,1,1,training,False,33415,33426
fma-small-cc-033459,4,1,1,1,training,False,33459,33465
fma-small-cc-033477,1,1,1,1,training,False,33477,33477
fma-small-cc-033486,1,1,1,1,validation,False,33486,33486
fma-small-cc-033538,1,1,1,1,training,False,33538,33538
fma-small-cc-033992,1,1,1,1,test,False,33992,33992
fma-small-cc-034003,1,1,1,1,training,False,34003,34003
fma-small-cc-034167,1,1,1,1,training,False,34167,34167
fma-small-cc-034257,3,1,1,1,training,False,34257,34263
fma-small-cc-034484,1,1,1,1,training,False,34484,34484
fma-small-cc-034510,1,1,1,1,training,False,34510,34510
fma-small-cc-034511,1,1,1,1,training,False,34511,34511
fma-small-cc-035198,3,1,1,1,test,False,35198,35204
fma-small-cc-035296,1,1,1,1,training,False,35296,35296
fma-small-cc-035443,1,1,1,1,training,False,35443,35443
fma-small-cc-035444,13,1,4,1,training,False,35444,73587
fma-small-cc-035462,1,1,1,1,validation,False,35462,35462
fma-small-cc-035527,79,3,21,2,test;training,True,35527,150288
fma-small-cc-035569,1,1,1,1,test,False,35569,35569
fma-small-cc-035571,1,1,1,1,training,False,35571,35571
fma-small-cc-035608,1,1,1,1,test,False,35608,35608
fma-small-cc-035734,1,1,1,1,training,False,35734,35734
fma-small-cc-036096,4,1,1,1,test,False,36096,36998
fma-small-cc-036143,1,1,1,1,training,False,36143,36143
fma-small-cc-036144,4,1,1,1,training,False,36144,36147
fma-small-cc-036245,4,1,1,1,validation,False,36245,36261
fma-small-cc-036272,5,1,1,1,training,False,36272,36999
fma-small-cc-036302,5,1,3,1,test,False,36302,116407
fma-small-cc-036304,2,1,2,1,training,False,36304,78156
fma-small-cc-036322,2,1,1,1,training,False,36322,36333
fma-small-cc-036428,3,1,2,1,training,False,36428,71096
fma-small-cc-036481,1,1,1,1,training,False,36481,36481
fma-small-cc-036526,1,1,1,1,training,False,36526,36526
fma-small-cc-036560,2,1,2,1,validation,False,36560,47100
fma-small-cc-036567,1,1,1,1,training,False,36567,36567
fma-small-cc-036659,1,1,1,1,training,False,36659,36659
fma-small-cc-036799,1,1,1,1,test,False,36799,36799
fma-small-cc-037041,1,1,1,1,training,False,37041,37041
fma-small-cc-037147,1,1,1,1,training,False,37147,37147
fma-small-cc-037324,2,1,1,1,training,False,37324,37325
fma-small-cc-037368,2,1,1,1,training,False,37368,37369
fma-small-cc-037416,3,1,1,1,training,False,37416,37423
fma-small-cc-037538,2,1,2,1,training,False,37538,59823
fma-small-cc-037592,1,1,1,1,training,False,37592,37592
fma-small-cc-037725,4,1,1,1,training,False,37725,37731
fma-small-cc-037779,3,1,1,1,training,False,37779,37784
fma-small-cc-037859,1,1,1,1,training,False,37859,37859
fma-small-cc-037920,1,1,1,1,training,False,37920,37920
fma-small-cc-038312,1,1,1,1,training,False,38312,38312
fma-small-cc-038321,10,1,1,1,training,False,38321,62534
fma-small-cc-038323,7,1,1,1,training,False,38323,53728
fma-small-cc-038326,7,1,1,1,training,False,38326,62596
fma-small-cc-038351,27,10,4,2,training;validation,True,38351,64410
fma-small-cc-038361,3,1,1,1,training,False,38361,38363
fma-small-cc-038399,1,1,1,1,training,False,38399,38399
fma-small-cc-038450,1,1,1,1,training,False,38450,38450
fma-small-cc-038522,1,1,1,1,training,False,38522,38522
fma-small-cc-038557,2,1,1,1,training,False,38557,38560
fma-small-cc-038775,27,1,3,1,test,False,38775,38834
fma-small-cc-038878,1,1,1,1,training,False,38878,38878
fma-small-cc-038879,29,1,1,1,validation,False,38879,38914
fma-small-cc-038964,4,1,1,1,training,False,38964,38967
fma-small-cc-039188,5,1,1,1,training,False,39188,39484
fma-small-cc-039291,1,1,1,1,training,False,39291,39291
fma-small-cc-039298,1,1,1,1,training,False,39298,39298
fma-small-cc-039316,5,1,2,1,test,False,39316,51305
fma-small-cc-039357,1,1,1,1,training,False,39357,39357
fma-small-cc-039359,1,1,1,1,training,False,39359,39359
fma-small-cc-039488,1,1,1,1,training,False,39488,39488
fma-small-cc-039605,2,1,1,1,test,False,39605,39607
fma-small-cc-039658,10,1,1,1,training,False,39658,39667
fma-small-cc-039875,3,1,1,1,training,False,39875,39904
fma-small-cc-040133,2,1,1,1,training,False,40133,40134
fma-small-cc-040139,2,1,1,1,training,False,40139,40141
fma-small-cc-040180,2,1,1,1,training,False,40180,40182
fma-small-cc-040250,2,1,1,1,training,False,40250,62180
fma-small-cc-040509,1,1,1,1,training,False,40509,40509
fma-small-cc-040525,1,1,1,1,training,False,40525,40525
fma-small-cc-040541,2,1,1,1,training,False,40541,40542
fma-small-cc-040598,1,1,1,1,training,False,40598,40598
fma-small-cc-040654,7,1,1,1,validation,False,40654,40660
fma-small-cc-040683,4,1,1,1,training,False,40683,41147
fma-small-cc-040842,4,2,1,2,test;training,True,40842,40845
fma-small-cc-040908,2,1,1,1,training,False,40908,40909
fma-small-cc-040938,2,1,1,1,training,False,40938,40940
fma-small-cc-040985,1,1,1,1,training,False,40985,40985
fma-small-cc-040986,1,1,1,1,training,False,40986,40986
fma-small-cc-041018,3,3,1,3,test;training;validation,True,41018,41020
fma-small-cc-041054,1,1,1,1,training,False,41054,41054
fma-small-cc-041095,1,1,1,1,training,False,41095,41095
fma-small-cc-041191,2,1,1,1,training,False,41191,41192
fma-small-cc-041310,1,1,1,1,test,False,41310,41310
fma-small-cc-041381,41,1,13,1,validation,False,41381,109978
fma-small-cc-041568,3,3,1,1,training,False,41568,41573
fma-small-cc-041605,1,1,1,1,training,False,41605,41605
fma-small-cc-041709,2,1,1,1,training,False,41709,41714
fma-small-cc-041812,1,1,1,1,training,False,41812,41812
fma-small-cc-041961,3,1,1,1,training,False,41961,41965
fma-small-cc-041971,2,2,1,2,training;validation,True,41971,41983
fma-small-cc-042014,12,11,2,2,test;training,True,42014,51954
fma-small-cc-042119,2,1,1,1,training,False,42119,42126
fma-small-cc-042129,6,1,1,1,test,False,42129,42146
fma-small-cc-042310,1,1,1,1,training,False,42310,42310
fma-small-cc-042372,19,1,3,1,test,False,42372,76131
fma-small-cc-042442,1,1,1,1,training,False,42442,42442
fma-small-cc-042463,1,1,1,1,test,False,42463,42463
fma-small-cc-042475,1,1,1,1,training,False,42475,42475
fma-small-cc-042648,2,1,1,1,training,False,42648,42659
fma-small-cc-042751,1,1,1,1,training,False,42751,42751
fma-small-cc-042761,2,1,1,1,training,False,42761,42789
fma-small-cc-042844,3,1,2,1,validation,False,42844,47032
fma-small-cc-042966,2,1,1,1,training,False,42966,42984
fma-small-cc-043016,14,1,1,1,training,False,43016,43030
fma-small-cc-043063,3,1,3,1,training,False,43063,60317
fma-small-cc-043172,2,1,1,1,training,False,43172,43173
fma-small-cc-043516,11,1,2,1,test,False,43516,60875
fma-small-cc-043533,9,1,2,1,training,False,43533,43699
fma-small-cc-043585,12,1,3,1,training,False,43585,80766
fma-small-cc-043621,6,1,1,1,training,False,43621,43843
fma-small-cc-043691,1,1,1,1,validation,False,43691,43691
fma-small-cc-043765,4,1,1,1,test,False,43765,43768
fma-small-cc-043883,2,1,1,1,training,False,43883,43886
fma-small-cc-043899,1,1,1,1,training,False,43899,43899
fma-small-cc-044092,1,1,1,1,training,False,44092,44092
fma-small-cc-044110,1,1,1,1,training,False,44110,44110
fma-small-cc-044169,1,1,1,1,training,False,44169,44169
fma-small-cc-044236,1,1,1,1,training,False,44236,44236
fma-small-cc-044777,1,1,1,1,test,False,44777,44777
fma-small-cc-044778,5,5,1,1,training,False,44778,44782
fma-small-cc-044805,3,1,1,1,training,False,44805,44809
fma-small-cc-044820,4,1,1,1,training,False,44820,44823
fma-small-cc-044848,6,1,1,1,training,False,44848,44854
fma-small-cc-044917,2,1,1,1,training,False,44917,44918
fma-small-cc-044946,1,1,1,1,training,False,44946,44946
fma-small-cc-044947,6,1,1,1,training,False,44947,44952
fma-small-cc-045055,1,1,1,1,validation,False,45055,45055
fma-small-cc-045099,17,3,4,1,training,False,45099,93941
fma-small-cc-045149,1,1,1,1,test,False,45149,45149
fma-small-cc-045150,5,5,1,2,test;training,True,45150,45154
fma-small-cc-045335,1,1,1,1,training,False,45335,45335
fma-small-cc-045474,2,1,1,1,training,False,45474,45475
fma-small-cc-045508,1,1,1,1,training,False,45508,45508
fma-small-cc-046024,2,1,2,1,training,False,46024,91329
fma-small-cc-046078,2,2,1,1,training,False,46078,46079
fma-small-cc-046157,4,4,1,1,training,False,46157,46160
fma-small-cc-046161,2,1,1,1,training,False,46161,46162
fma-small-cc-046525,1,1,1,1,training,False,46525,46525
fma-small-cc-046611,1,1,1,1,training,False,46611,46611
fma-small-cc-046711,1,1,1,1,training,False,46711,46711
fma-small-cc-046717,3,1,1,1,test,False,46717,46720
fma-small-cc-046726,4,4,1,1,training,False,46726,46736
fma-small-cc-047068,10,1,1,1,training,False,47068,47077
fma-small-cc-047192,11,1,1,1,training,False,47192,47202
fma-small-cc-047260,1,1,1,1,training,False,47260,47260
fma-small-cc-047471,1,1,1,1,test,False,47471,47471
fma-small-cc-047506,1,1,1,1,training,False,47506,47506
fma-small-cc-047510,1,1,1,1,training,False,47510,47510
fma-small-cc-047628,1,1,1,1,test,False,47628,47628
fma-small-cc-047657,4,1,1,1,training,False,47657,47660
fma-small-cc-047661,3,1,1,1,training,False,47661,47663
fma-small-cc-047665,2,1,1,1,training,False,47665,47666
fma-small-cc-047670,2,1,1,1,training,False,47670,47671
fma-small-cc-047707,1,1,1,1,training,False,47707,47707
fma-small-cc-047865,7,1,2,1,training,False,47865,91938
fma-small-cc-047894,4,1,1,1,training,False,47894,47897
fma-small-cc-047916,4,1,2,1,training,False,47916,63226
fma-small-cc-048015,1,1,1,1,training,False,48015,48015
fma-small-cc-048042,4,1,1,1,training,False,48042,48046
fma-small-cc-048269,1,1,1,1,training,False,48269,48269
fma-small-cc-048367,8,1,2,1,training,False,48367,112318
fma-small-cc-048437,5,2,1,1,training,False,48437,48443
fma-small-cc-048444,8,2,1,1,training,False,48444,48457
fma-small-cc-048462,7,1,2,1,training,False,48462,65064
fma-small-cc-048488,19,1,5,1,training,False,48488,132142
fma-small-cc-048861,10,1,2,1,training,False,48861,140794
fma-small-cc-048990,1,1,1,1,test,False,48990,48990
fma-small-cc-048999,1,1,1,1,test,False,48999,48999
fma-small-cc-049039,1,1,1,1,training,False,49039,49039
fma-small-cc-049441,1,1,1,1,validation,False,49441,49441
fma-small-cc-049812,2,1,1,1,training,False,49812,49817
fma-small-cc-049842,10,1,1,1,training,False,49842,49857
fma-small-cc-050276,13,2,3,1,training,False,50276,133803
fma-small-cc-050323,6,1,2,1,training,False,50323,86730
fma-small-cc-050444,6,1,1,1,validation,False,50444,50449
fma-small-cc-050539,2,1,1,1,training,False,50539,50543
fma-small-cc-050752,3,1,1,1,test,False,50752,50754
fma-small-cc-050836,1,1,1,1,training,False,50836,50836
fma-small-cc-050952,6,1,2,1,training,False,50952,51006
fma-small-cc-051111,7,1,1,1,training,False,51111,51118
fma-small-cc-051120,1,1,1,1,training,False,51120,51120
fma-small-cc-051157,2,1,1,1,validation,False,51157,51158
fma-small-cc-051203,1,1,1,1,training,False,51203,51203
fma-small-cc-051260,14,14,1,3,test;training;validation,True,51260,51276
fma-small-cc-051333,1,1,1,1,training,False,51333,51333
fma-small-cc-051479,3,1,2,1,training,False,51479,76381
fma-small-cc-051918,2,1,1,1,validation,False,51918,51919
fma-small-cc-051923,1,1,1,1,training,False,51923,51923
fma-small-cc-051991,6,1,1,1,training,False,51991,52001
fma-small-cc-052034,22,12,2,3,test;training;validation,True,52034,67368
fma-small-cc-052118,12,1,1,1,training,False,52118,52129
fma-small-cc-052141,1,1,1,1,training,False,52141,52141
fma-small-cc-052409,1,1,1,1,training,False,52409,52409
fma-small-cc-052446,6,2,1,2,training;validation,True,52446,52452
fma-small-cc-052500,4,1,1,1,training,False,52500,52508
fma-small-cc-052522,1,1,1,1,training,False,52522,52522
fma-small-cc-052579,9,1,5,1,training,False,52579,107850
fma-small-cc-052628,21,1,1,1,training,False,52628,52650
fma-small-cc-052945,9,1,1,1,validation,False,52945,52955
fma-small-cc-053228,2,1,1,1,test,False,53228,53229
fma-small-cc-053379,5,1,2,1,training,False,53379,68601
fma-small-cc-053457,1,1,1,1,training,False,53457,53457
fma-small-cc-053496,2,1,2,1,training,False,53496,147059
fma-small-cc-053576,2,1,1,1,training,False,53576,53578
fma-small-cc-053591,2,1,1,1,training,False,53591,53592
fma-small-cc-053675,1,1,1,1,training,False,53675,53675
fma-small-cc-053807,1,1,1,1,training,False,53807,53807
fma-small-cc-053862,2,1,1,1,training,False,53862,53863
fma-small-cc-053937,1,1,1,1,training,False,53937,53937
fma-small-cc-054019,1,1,1,1,training,False,54019,54019
fma-small-cc-054031,6,1,1,1,training,False,54031,54039
fma-small-cc-054149,11,1,2,1,training,False,54149,54160
fma-small-cc-054163,1,1,1,1,training,False,54163,54163
fma-small-cc-054234,4,1,1,1,training,False,54234,54237
fma-small-cc-054297,1,1,1,1,training,False,54297,54297
fma-small-cc-054335,1,1,1,1,training,False,54335,54335
fma-small-cc-054365,11,1,3,1,training,False,54365,149953
fma-small-cc-054463,8,1,1,1,validation,False,54463,54470
fma-small-cc-054475,6,1,1,1,training,False,54475,54482
fma-small-cc-054496,1,1,1,1,training,False,54496,54496
fma-small-cc-054554,1,1,1,1,validation,False,54554,54554
fma-small-cc-054568,5,5,1,1,training,False,54568,54580
fma-small-cc-054621,5,1,1,1,training,False,54621,54626
fma-small-cc-054662,1,1,1,1,training,False,54662,54662
fma-small-cc-054664,4,1,1,1,training,False,54664,54667
fma-small-cc-054703,1,1,1,1,test,False,54703,54703
fma-small-cc-054735,1,1,1,1,training,False,54735,54735
fma-small-cc-054874,1,1,1,1,training,False,54874,54874
fma-small-cc-054942,1,1,1,1,training,False,54942,54942
fma-small-cc-055076,1,1,1,1,training,False,55076,55076
fma-small-cc-055149,1,1,1,1,training,False,55149,55149
fma-small-cc-055183,2,1,1,1,validation,False,55183,55186
fma-small-cc-055402,1,1,1,1,training,False,55402,55402
fma-small-cc-055480,2,1,1,1,training,False,55480,55481
fma-small-cc-055549,1,1,1,1,training,False,55549,55549
fma-small-cc-055709,11,1,1,1,training,False,55709,55719
fma-small-cc-055782,3,3,1,2,training;validation,True,55782,55786
fma-small-cc-055807,5,1,1,1,training,False,55807,55811
fma-small-cc-055826,7,1,1,1,training,False,55826,55833
fma-small-cc-055900,8,1,3,1,training,False,55900,113037
fma-small-cc-056010,3,1,1,1,training,False,56010,56020
fma-small-cc-056028,6,1,2,1,training,False,56028,80836
fma-small-cc-056031,2,1,1,1,training,False,56031,56033
fma-small-cc-056034,2,1,1,1,training,False,56034,56036
fma-small-cc-056247,4,1,2,1,training,False,56247,67553
fma-small-cc-056273,3,1,1,1,training,False,56273,56275
fma-small-cc-056516,7,1,2,1,training,False,56516,64796
fma-small-cc-056523,1,1,1,1,test,False,56523,56523
fma-small-cc-056552,4,1,2,1,validation,False,56552,57892
fma-small-cc-056645,6,1,1,1,training,False,56645,56651
fma-small-cc-056686,11,1,1,1,training,False,56686,56696
fma-small-cc-056795,38,1,15,1,training,False,56795,81999
fma-small-cc-056874,1,1,1,1,validation,False,56874,56874
fma-small-cc-056888,1,1,1,1,training,False,56888,56888
fma-small-cc-056929,1,1,1,1,test,False,56929,56929
fma-small-cc-057078,1,1,1,1,validation,False,57078,57078
fma-small-cc-057164,4,1,1,1,training,False,57164,57177
fma-small-cc-057178,3,1,1,1,training,False,57178,57180
fma-small-cc-057271,4,1,1,1,test,False,57271,57274
fma-small-cc-057360,1,1,1,1,training,False,57360,57360
fma-small-cc-057417,1,1,1,1,training,False,57417,57417
fma-small-cc-057418,1,1,1,1,training,False,57418,57418
fma-small-cc-057435,3,1,1,1,validation,False,57435,57439
fma-small-cc-057440,2,1,1,1,training,False,57440,57442
fma-small-cc-057500,1,1,1,1,training,False,57500,57500
fma-small-cc-057540,1,1,1,1,test,False,57540,57540
fma-small-cc-057569,1,1,1,1,training,False,57569,57569
fma-small-cc-057639,3,1,1,1,training,False,57639,57648
fma-small-cc-057658,4,1,1,1,training,False,57658,57663
fma-small-cc-057665,3,2,1,1,training,False,57665,57697
fma-small-cc-057819,5,1,1,1,training,False,57819,57823
fma-small-cc-057936,3,1,1,1,training,False,57936,57938
fma-small-cc-057968,2,1,2,1,training,False,57968,98251
fma-small-cc-058052,6,1,2,1,training,False,58052,58063
fma-small-cc-058068,2,1,1,1,training,False,58068,58070
fma-small-cc-058115,3,1,1,1,training,False,58115,58117
fma-small-cc-058135,2,1,1,1,training,False,58135,58140
fma-small-cc-058161,9,1,2,1,training,False,58161,82410
fma-small-cc-058207,68,8,7,2,training;validation,True,58207,141735
fma-small-cc-058225,3,1,3,1,training,False,58225,89704
fma-small-cc-058333,2,1,1,1,validation,False,58333,58334
fma-small-cc-058341,1,1,1,1,training,False,58341,58341
fma-small-cc-058539,5,1,2,1,validation,False,58539,58543
fma-small-cc-059373,6,1,2,1,training,False,59373,143099
fma-small-cc-059561,1,1,1,1,training,False,59561,59561
fma-small-cc-059562,1,1,1,1,test,False,59562,59562
fma-small-cc-059581,9,1,3,1,test,False,59581,110209
fma-small-cc-059653,7,1,2,1,training,False,59653,80341
fma-small-cc-059660,19,1,5,1,training,False,59660,131953
fma-small-cc-059669,6,1,1,1,training,False,59669,59677
fma-small-cc-059678,5,1,1,1,training,False,59678,59682
fma-small-cc-059683,6,1,1,1,training,False,59683,59688
fma-small-cc-059695,1,1,1,1,test,False,59695,59695
fma-small-cc-059702,1,1,1,1,training,False,59702,59702
fma-small-cc-059706,5,1,1,1,training,False,59706,59710
fma-small-cc-059719,8,1,1,1,training,False,59719,59727
fma-small-cc-059876,1,1,1,1,training,False,59876,59876
fma-small-cc-059930,1,1,1,1,training,False,59930,59930
fma-small-cc-060037,6,1,1,1,training,False,60037,60048
fma-small-cc-060074,1,1,1,1,training,False,60074,60074
fma-small-cc-060143,4,1,1,1,training,False,60143,60146
fma-small-cc-060170,1,1,1,1,training,False,60170,60170
fma-small-cc-060331,1,1,1,1,validation,False,60331,60331
fma-small-cc-060533,10,1,2,1,test,False,60533,98302
fma-small-cc-060736,1,1,1,1,training,False,60736,60736
fma-small-cc-060753,12,1,3,1,training,False,60753,152418
fma-small-cc-060775,3,1,1,1,training,False,60775,60777
fma-small-cc-060994,1,1,1,1,training,False,60994,60994
fma-small-cc-061006,7,1,1,1,training,False,61006,61013
fma-small-cc-061491,3,1,1,1,training,False,61491,61493
fma-small-cc-061668,9,3,2,1,training,False,61668,64009
fma-small-cc-061734,3,1,1,1,validation,False,61734,61742
fma-small-cc-061814,3,2,1,2,test;training,True,61814,61821
fma-small-cc-062001,1,1,1,1,training,False,62001,62001
fma-small-cc-062003,3,1,1,1,training,False,62003,62007
fma-small-cc-062163,3,1,1,1,training,False,62163,62165
fma-small-cc-062183,14,14,1,2,training;validation,True,62183,62196
fma-small-cc-062426,44,1,12,1,training,False,62426,134054
fma-small-cc-062586,1,1,1,1,training,False,62586,62586
fma-small-cc-062655,1,1,1,1,training,False,62655,62655
fma-small-cc-063043,3,1,1,1,training,False,63043,63045
fma-small-cc-063064,2,1,1,1,test,False,63064,63065
fma-small-cc-063117,1,1,1,1,training,False,63117,63117
fma-small-cc-063191,1,1,1,1,training,False,63191,63191
fma-small-cc-063208,1,1,1,1,training,False,63208,63208
fma-small-cc-063287,5,1,1,1,training,False,63287,63292
fma-small-cc-063470,7,1,2,1,training,False,63470,106956
fma-small-cc-063626,2,1,2,1,training,False,63626,70174
fma-small-cc-063803,3,1,1,1,training,False,63803,63805
fma-small-cc-063900,2,1,2,1,training,False,63900,63908
fma-small-cc-063922,1,1,1,1,training,False,63922,63922
fma-small-cc-063936,1,1,1,1,training,False,63936,63936
fma-small-cc-064035,1,1,1,1,training,False,64035,64035
fma-small-cc-064078,1,1,1,1,training,False,64078,64078
fma-small-cc-064079,1,1,1,1,validation,False,64079,64079
fma-small-cc-064091,1,1,1,1,training,False,64091,64091
fma-small-cc-064093,1,1,1,1,training,False,64093,64093
fma-small-cc-064247,5,1,1,1,training,False,64247,64253
fma-small-cc-064338,9,1,3,1,training,False,64338,145730
fma-small-cc-064364,3,1,1,1,training,False,64364,64366
fma-small-cc-064515,8,1,2,1,validation,False,64515,64523
fma-small-cc-064535,4,1,1,1,training,False,64535,64538
fma-small-cc-064542,1,1,1,1,training,False,64542,64542
fma-small-cc-064553,2,1,1,1,training,False,64553,64556
fma-small-cc-064567,1,1,1,1,training,False,64567,64567
fma-small-cc-064590,4,1,1,1,validation,False,64590,64593
fma-small-cc-064594,5,1,2,1,training,False,64594,65234
fma-small-cc-064618,3,1,1,1,test,False,64618,68587
fma-small-cc-064625,7,1,1,1,validation,False,64625,64631
fma-small-cc-064659,1,1,1,1,training,False,64659,64659
fma-small-cc-064787,3,1,2,1,training,False,64787,64789
fma-small-cc-064809,1,1,1,1,training,False,64809,64809
fma-small-cc-064854,21,1,3,1,training,False,64854,91164
fma-small-cc-064895,2,1,1,1,training,False,64895,64896
fma-small-cc-064918,2,1,1,1,training,False,64918,64919
fma-small-cc-064988,8,1,1,1,training,False,64988,64995
fma-small-cc-065037,4,1,1,1,validation,False,65037,65040
fma-small-cc-065073,1,1,1,1,training,False,65073,65073
fma-small-cc-065090,1,1,1,1,training,False,65090,65090
fma-small-cc-065265,1,1,1,1,test,False,65265,65265
fma-small-cc-065488,1,1,1,1,training,False,65488,65488
fma-small-cc-065619,1,1,1,1,training,False,65619,65619
fma-small-cc-065683,1,1,1,1,validation,False,65683,65683
fma-small-cc-065685,1,1,1,1,training,False,65685,65685
fma-small-cc-065777,3,1,2,1,test,False,65777,65780
fma-small-cc-065893,1,1,1,1,training,False,65893,65893
fma-small-cc-066058,1,1,1,1,training,False,66058,66058
fma-small-cc-066073,4,1,1,1,training,False,66073,66076
fma-small-cc-066180,45,1,7,1,training,False,66180,146970
fma-small-cc-066390,20,1,7,1,training,False,66390,128816
fma-small-cc-066394,1,1,1,1,validation,False,66394,66394
fma-small-cc-066405,1,1,1,1,training,False,66405,66405
fma-small-cc-066469,3,1,1,1,training,False,66469,66483
fma-small-cc-066534,6,1,1,1,test,False,66534,66539
fma-small-cc-066636,3,1,1,1,training,False,66636,66638
fma-small-cc-066641,7,1,1,1,training,False,66641,66650
fma-small-cc-066689,2,1,1,1,validation,False,66689,66690
fma-small-cc-066717,1,1,1,1,test,False,66717,66717
fma-small-cc-066782,6,1,2,1,validation,False,66782,70426
fma-small-cc-067007,2,1,1,1,training,False,67007,67010
fma-small-cc-067121,1,1,1,1,training,False,67121,67121
fma-small-cc-067163,1,1,1,1,training,False,67163,67163
fma-small-cc-067237,1,1,1,1,validation,False,67237,67237
fma-small-cc-067308,1,1,1,1,training,False,67308,67308
fma-small-cc-067330,6,1,1,1,test,False,67330,67336
fma-small-cc-067412,1,1,1,1,training,False,67412,67412
fma-small-cc-067470,1,1,1,1,training,False,67470,67470
fma-small-cc-067500,1,1,1,1,training,False,67500,67500
fma-small-cc-067556,3,1,1,1,training,False,67556,67558
fma-small-cc-067597,3,1,1,1,training,False,67597,67600
fma-small-cc-067637,4,4,1,2,training;validation,True,67637,67640
fma-small-cc-067660,6,1,2,1,training,False,67660,100976
fma-small-cc-067707,1,1,1,1,training,False,67707,67707
fma-small-cc-067760,1,1,1,1,training,False,67760,67760
fma-small-cc-068353,4,1,1,1,training,False,68353,68356
fma-small-cc-068404,1,1,1,1,test,False,68404,68404
fma-small-cc-068407,2,1,1,1,training,False,68407,68410
fma-small-cc-068444,1,1,1,1,training,False,68444,68444
fma-small-cc-068536,11,7,1,3,test;training;validation,True,68536,68579
fma-small-cc-068680,3,1,1,1,training,False,68680,68683
fma-small-cc-068820,2,1,1,1,training,False,68820,68821
fma-small-cc-068837,18,2,4,1,training,False,68837,116707
fma-small-cc-068851,7,1,1,1,training,False,68851,68862
fma-small-cc-068869,5,1,3,1,training,False,68869,80402
fma-small-cc-068909,1,1,1,1,validation,False,68909,68909
fma-small-cc-069001,2,1,1,1,training,False,69001,69002
fma-small-cc-069170,1,1,1,1,training,False,69170,69170
fma-small-cc-069181,3,1,1,1,training,False,69181,69188
fma-small-cc-069193,42,15,5,2,training;validation,True,69193,127806
fma-small-cc-069221,3,1,1,1,test,False,69221,69223
fma-small-cc-069303,1,1,1,1,test,False,69303,69303
fma-small-cc-069554,5,1,1,1,training,False,69554,69564
fma-small-cc-069567,1,1,1,1,training,False,69567,69567
fma-small-cc-069682,1,1,1,1,training,False,69682,69682
fma-small-cc-069723,3,1,1,1,training,False,69723,69727
fma-small-cc-069732,1,1,1,1,training,False,69732,69732
fma-small-cc-069744,4,1,1,1,training,False,69744,69747
fma-small-cc-069781,1,1,1,1,training,False,69781,69781
fma-small-cc-069784,9,1,1,1,training,False,69784,69798
fma-small-cc-069822,7,1,1,1,training,False,69822,69828
fma-small-cc-069904,1,1,1,1,training,False,69904,69904
fma-small-cc-069947,2,1,1,1,validation,False,69947,69949
fma-small-cc-069985,2,1,2,1,validation,False,69985,122832
fma-small-cc-070002,2,1,1,1,training,False,70002,70005
fma-small-cc-070206,3,1,1,1,training,False,70206,70208
fma-small-cc-070402,3,3,1,2,training;validation,True,70402,70409
fma-small-cc-070768,11,1,3,1,validation,False,70768,80611
fma-small-cc-070813,1,1,1,1,training,False,70813,70813
fma-small-cc-070873,4,1,1,1,training,False,70873,70879
fma-small-cc-071133,1,1,1,1,training,False,71133,71133
fma-small-cc-071172,7,3,2,1,training,False,71172,72477
fma-small-cc-071216,9,1,3,1,training,False,71216,144173
fma-small-cc-071240,16,1,1,1,training,False,71240,71255
fma-small-cc-071276,1,1,1,1,training,False,71276,71276
fma-small-cc-071303,2,1,1,1,validation,False,71303,71304
fma-small-cc-071371,2,1,1,1,test,False,71371,71372
fma-small-cc-071420,1,1,1,1,test,False,71420,71420
fma-small-cc-071503,19,12,3,3,test;training;validation,True,71503,84486
fma-small-cc-071617,3,1,1,1,training,False,71617,71622
fma-small-cc-071709,1,1,1,1,training,False,71709,71709
fma-small-cc-071711,1,1,1,1,test,False,71711,71711
fma-small-cc-071714,1,1,1,1,training,False,71714,71714
fma-small-cc-071715,1,1,1,1,training,False,71715,71715
fma-small-cc-071719,1,1,1,1,training,False,71719,71719
fma-small-cc-071721,1,1,1,1,training,False,71721,71721
fma-small-cc-071722,1,1,1,1,validation,False,71722,71722
fma-small-cc-071822,1,1,1,1,training,False,71822,71822
fma-small-cc-071884,2,1,1,1,training,False,71884,71885
fma-small-cc-071937,2,1,1,1,training,False,71937,71938
fma-small-cc-072064,1,1,1,1,training,False,72064,72064
fma-small-cc-072067,21,2,5,2,training;validation,True,72067,114067
fma-small-cc-072200,1,1,1,1,training,False,72200,72200
fma-small-cc-072206,3,1,1,1,training,False,72206,72215
fma-small-cc-072232,2,1,1,1,training,False,72232,72233
fma-small-cc-072234,1,1,1,1,training,False,72234,72234
fma-small-cc-072287,4,1,1,1,training,False,72287,72290
fma-small-cc-072456,1,1,1,1,training,False,72456,72456
fma-small-cc-072513,2,1,1,1,validation,False,72513,72514
fma-small-cc-072562,6,1,2,1,training,False,72562,72612
fma-small-cc-072604,1,1,1,1,training,False,72604,72604
fma-small-cc-072738,1,1,1,1,training,False,72738,72738
fma-small-cc-072926,4,1,1,1,training,False,72926,72930
fma-small-cc-073099,2,1,1,1,training,False,73099,73100
fma-small-cc-073123,3,2,1,1,training,False,73123,73125
fma-small-cc-073192,2,1,1,1,training,False,73192,73193
fma-small-cc-073306,2,1,1,1,training,False,73306,73309
fma-small-cc-073318,1,1,1,1,training,False,73318,73318
fma-small-cc-073335,6,1,1,1,training,False,73335,73344
fma-small-cc-073363,9,1,1,1,training,False,73363,73372
fma-small-cc-073486,1,1,1,1,training,False,73486,73486
fma-small-cc-073494,1,1,1,1,test,False,73494,73494
fma-small-cc-073519,4,1,1,1,test,False,73519,73522
fma-small-cc-073658,3,1,1,1,training,False,73658,73797
fma-small-cc-073792,1,1,1,1,training,False,73792,73792
fma-small-cc-073819,5,1,2,1,training,False,73819,75975
fma-small-cc-073921,1,1,1,1,training,False,73921,73921
fma-small-cc-074002,3,1,1,1,test,False,74002,91471
fma-small-cc-074302,16,1,3,1,training,False,74302,92889
fma-small-cc-074347,1,1,1,1,training,False,74347,74347
fma-small-cc-074348,9,6,2,2,test;training,True,74348,86799
fma-small-cc-074362,2,2,1,1,training,False,74362,74365
fma-small-cc-074421,2,1,1,1,training,False,74421,74445
fma-small-cc-074669,2,1,1,1,training,False,74669,74671
fma-small-cc-074706,8,1,2,1,training,False,74706,131292
fma-small-cc-074908,1,1,1,1,training,False,74908,74908
fma-small-cc-074942,1,1,1,1,training,False,74942,74942
fma-small-cc-074959,4,1,2,1,training,False,74959,139491
fma-small-cc-075194,1,1,1,1,training,False,75194,75194
fma-small-cc-075211,1,1,1,1,validation,False,75211,75211
fma-small-cc-075221,1,1,1,1,training,False,75221,75221
fma-small-cc-075230,1,1,1,1,training,False,75230,75230
fma-small-cc-075304,3,1,2,1,training,False,75304,81037
fma-small-cc-075310,3,1,1,1,training,False,75310,75317
fma-small-cc-075429,15,1,1,1,training,False,75429,75443
fma-small-cc-075607,2,1,1,1,training,False,75607,75612
fma-small-cc-075692,1,1,1,1,training,False,75692,75692
fma-small-cc-075782,7,1,1,1,training,False,75782,75788
fma-small-cc-075844,4,1,1,1,training,False,75844,75869
fma-small-cc-075883,1,1,1,1,training,False,75883,75883
fma-small-cc-075903,2,1,1,1,training,False,75903,75908
fma-small-cc-075925,12,1,1,1,training,False,75925,75937
fma-small-cc-076036,1,1,1,1,training,False,76036,76036
fma-small-cc-076069,10,1,1,1,training,False,76069,76079
fma-small-cc-076121,1,1,1,1,training,False,76121,76121
fma-small-cc-076437,2,1,1,1,training,False,76437,76440
fma-small-cc-077564,3,3,1,1,training,False,77564,77572
fma-small-cc-078038,1,1,1,1,training,False,78038,78038
fma-small-cc-078516,3,1,2,1,training,False,78516,78998
fma-small-cc-078833,12,1,2,1,training,False,78833,78852
fma-small-cc-079087,1,1,1,1,training,False,79087,79087
fma-small-cc-079575,1,1,1,1,training,False,79575,79575
fma-small-cc-079593,1,1,1,1,training,False,79593,79593
fma-small-cc-079605,2,1,1,1,training,False,79605,79606
fma-small-cc-079610,2,1,1,1,training,False,79610,79616
fma-small-cc-079741,1,1,1,1,training,False,79741,79741
fma-small-cc-079973,4,2,1,1,training,False,79973,79978
fma-small-cc-079985,5,1,1,1,training,False,79985,79995
fma-small-cc-080000,6,1,1,1,validation,False,80000,80005
fma-small-cc-080035,1,1,1,1,training,False,80035,80035
fma-small-cc-080772,5,1,1,1,training,False,80772,80776
fma-small-cc-080793,1,1,1,1,training,False,80793,80793
fma-small-cc-081071,1,1,1,1,test,False,81071,81071
fma-small-cc-081082,4,1,1,1,training,False,81082,81085
fma-small-cc-081189,2,1,2,1,training,False,81189,134631
fma-small-cc-081193,3,1,1,1,training,False,81193,81195
fma-small-cc-081868,1,1,1,1,training,False,81868,81868
fma-small-cc-081895,1,1,1,1,validation,False,81895,81895
fma-small-cc-081938,3,1,1,1,training,False,81938,81946
fma-small-cc-082231,10,2,4,1,training,False,82231,145042
fma-small-cc-082628,4,1,1,1,training,False,82628,82631
fma-small-cc-082881,12,1,3,1,training,False,82881,126608
fma-small-cc-082892,2,1,1,1,training,False,82892,82893
fma-small-cc-083437,4,1,1,1,validation,False,83437,83440
fma-small-cc-083507,4,1,1,1,validation,False,83507,83512
fma-small-cc-083558,1,1,1,1,validation,False,83558,83558
fma-small-cc-083789,3,1,1,1,training,False,83789,83791
fma-small-cc-083898,6,5,1,3,test;training;validation,True,83898,83913
fma-small-cc-083954,2,2,1,1,training,False,83954,83960
fma-small-cc-083969,1,1,1,1,training,False,83969,83969
fma-small-cc-084009,1,1,1,1,training,False,84009,84009
fma-small-cc-084054,5,5,1,3,test;training;validation,True,84054,84058
fma-small-cc-084091,4,2,1,2,test;training,True,84091,84097
fma-small-cc-084135,6,1,1,1,training,False,84135,84144
fma-small-cc-084154,6,1,1,1,training,False,84154,84159
fma-small-cc-084264,1,1,1,1,training,False,84264,84264
fma-small-cc-084290,2,1,1,1,training,False,84290,84291
fma-small-cc-084405,3,1,1,1,training,False,84405,84423
fma-small-cc-084605,1,1,1,1,training,False,84605,84605
fma-small-cc-084743,3,3,1,2,test;training,True,84743,84777
fma-small-cc-084757,1,1,1,1,training,False,84757,84757
fma-small-cc-084788,1,1,1,1,training,False,84788,84788
fma-small-cc-084817,3,1,2,1,training,False,84817,127066
fma-small-cc-085027,1,1,1,1,training,False,85027,85027
fma-small-cc-085038,4,1,1,1,training,False,85038,85041
fma-small-cc-085290,2,1,1,1,training,False,85290,85291
fma-small-cc-085317,2,1,1,1,training,False,85317,85318
fma-small-cc-085343,3,1,1,1,training,False,85343,85347
fma-small-cc-085400,1,1,1,1,training,False,85400,85400
fma-small-cc-085419,10,1,1,1,training,False,85419,85428
fma-small-cc-085436,2,1,1,1,validation,False,85436,85438
fma-small-cc-085494,1,1,1,1,training,False,85494,85494
fma-small-cc-085691,2,1,1,1,training,False,85691,85692
fma-small-cc-085693,1,1,1,1,training,False,85693,85693
fma-small-cc-085787,4,1,1,1,training,False,85787,85792
fma-small-cc-085816,2,1,1,1,training,False,85816,85817
fma-small-cc-085831,12,1,2,1,training,False,85831,97404
fma-small-cc-085950,8,1,1,1,training,False,85950,85957
fma-small-cc-085963,3,1,1,1,training,False,85963,85967
fma-small-cc-085968,2,1,1,1,validation,False,85968,85973
fma-small-cc-086037,4,1,1,1,test,False,86037,86040
fma-small-cc-086077,3,1,1,1,validation,False,86077,86082
fma-small-cc-086140,1,1,1,1,training,False,86140,86140
fma-small-cc-086256,13,2,2,2,test;training,True,86256,111230
fma-small-cc-086262,3,1,2,1,validation,False,86262,138351
fma-small-cc-086417,2,1,1,1,training,False,86417,86419
fma-small-cc-086441,2,1,1,1,training,False,86441,86443
fma-small-cc-086481,7,1,1,1,training,False,86481,86487
fma-small-cc-086562,1,1,1,1,training,False,86562,86562
fma-small-cc-086634,1,1,1,1,test,False,86634,86634
fma-small-cc-086678,5,1,2,1,validation,False,86678,122457
fma-small-cc-086993,1,1,1,1,validation,False,86993,86993
fma-small-cc-087068,7,5,2,2,test;training,True,87068,105145
fma-small-cc-087096,13,1,1,1,training,False,87096,87108
fma-small-cc-087121,1,1,1,1,training,False,87121,87121
fma-small-cc-087151,9,1,4,1,training,False,87151,115735
fma-small-cc-087157,5,1,1,1,training,False,87157,87161
fma-small-cc-087185,11,1,2,1,training,False,87185,122472
fma-small-cc-087237,2,1,2,1,training,False,87237,91755
fma-small-cc-087322,4,1,1,1,training,False,87322,87325
fma-small-cc-087361,3,1,1,1,training,False,87361,87363
fma-small-cc-087377,4,1,2,1,training,False,87377,94415
fma-small-cc-087430,2,1,1,1,training,False,87430,87431
fma-small-cc-087490,1,1,1,1,validation,False,87490,87490
fma-small-cc-087639,6,1,1,1,training,False,87639,87645
fma-small-cc-087965,6,2,1,2,training;validation,True,87965,87972
fma-small-cc-088428,2,1,1,1,training,False,88428,88429
fma-small-cc-088485,2,2,1,2,training;validation,True,88485,88486
fma-small-cc-088899,2,1,1,1,training,False,88899,88900
fma-small-cc-088959,7,1,3,1,training,False,88959,109357
fma-small-cc-089178,5,1,1,1,validation,False,89178,89196
fma-small-cc-089212,1,1,1,1,training,False,89212,89212
fma-small-cc-089350,2,1,1,1,training,False,89350,89441
fma-small-cc-089376,1,1,1,1,training,False,89376,89376
fma-small-cc-089482,4,1,1,1,training,False,89482,89486
fma-small-cc-089639,1,1,1,1,training,False,89639,89639
fma-small-cc-089814,4,1,1,1,training,False,89814,89817
fma-small-cc-089841,8,1,1,1,training,False,89841,89860
fma-small-cc-089991,2,2,1,1,training,False,89991,89992
fma-small-cc-090027,1,1,1,1,training,False,90027,90027
fma-small-cc-090074,11,1,3,1,training,False,90074,105414
fma-small-cc-090526,15,1,2,1,test,False,90526,111154
fma-small-cc-090570,9,1,1,1,training,False,90570,90592
fma-small-cc-090625,1,1,1,1,training,False,90625,90625
fma-small-cc-090639,1,1,1,1,training,False,90639,90639
fma-small-cc-090652,1,1,1,1,training,False,90652,90652
fma-small-cc-090695,1,1,1,1,training,False,90695,90695
fma-small-cc-090804,4,1,3,1,training,False,90804,127469
fma-small-cc-090824,4,1,1,1,training,False,90824,91349
fma-small-cc-090982,9,1,3,1,training,False,90982,91319
fma-small-cc-091081,9,1,1,1,training,False,91081,91089
fma-small-cc-091092,2,1,1,1,training,False,91092,91093
fma-small-cc-091098,3,1,2,1,training,False,91098,109480
fma-small-cc-091130,1,1,1,1,training,False,91130,91130
fma-small-cc-091170,1,1,1,1,validation,False,91170,91170
fma-small-cc-091177,10,1,1,1,training,False,91177,91187
fma-small-cc-091228,2,1,1,1,training,False,91228,91238
fma-small-cc-091443,1,1,1,1,training,False,91443,91443
fma-small-cc-091455,3,1,1,1,training,False,91455,91459
fma-small-cc-091788,6,1,1,1,training,False,91788,91797
fma-small-cc-091851,1,1,1,1,training,False,91851,91851
fma-small-cc-091868,6,1,3,1,training,False,91868,113305
fma-small-cc-091958,2,1,1,1,training,False,91958,92292
fma-small-cc-091960,2,1,1,1,training,False,91960,92206
fma-small-cc-092124,5,1,1,1,training,False,92124,92131
fma-small-cc-092275,4,1,1,1,training,False,92275,92284
fma-small-cc-092366,1,1,1,1,test,False,92366,92366
fma-small-cc-092508,1,1,1,1,training,False,92508,92508
fma-small-cc-092535,5,1,1,1,training,False,92535,92540
fma-small-cc-092565,7,1,2,1,training,False,92565,101893
fma-small-cc-092868,1,1,1,1,training,False,92868,92868
fma-small-cc-092947,9,1,1,1,training,False,92947,92955
fma-small-cc-093074,3,1,1,1,validation,False,93074,93076
fma-small-cc-093363,2,1,1,1,training,False,93363,93364
fma-small-cc-093518,6,1,1,1,test,False,93518,93523
fma-small-cc-093704,4,1,1,1,training,False,93704,93716
fma-small-cc-093727,1,1,1,1,training,False,93727,93727
fma-small-cc-093867,6,1,6,1,training,False,93867,122190
fma-small-cc-093942,3,1,1,1,training,False,93942,93944
fma-small-cc-093950,2,1,1,1,validation,False,93950,93956
fma-small-cc-093981,1,1,1,1,training,False,93981,93981
fma-small-cc-093983,4,1,2,1,validation,False,93983,96560
fma-small-cc-094026,1,1,1,1,training,False,94026,94026
fma-small-cc-094033,7,1,1,1,training,False,94033,94039
fma-small-cc-094093,8,1,3,1,test,False,94093,106877
fma-small-cc-094263,1,1,1,1,training,False,94263,94263
fma-small-cc-094348,1,1,1,1,training,False,94348,94348
fma-small-cc-094419,12,6,5,1,training,False,94419,129675
fma-small-cc-094628,7,1,1,1,training,False,94628,94638
fma-small-cc-095189,1,1,1,1,training,False,95189,95189
fma-small-cc-095231,3,1,2,1,training,False,95231,96936
fma-small-cc-095248,4,1,1,1,training,False,95248,95251
fma-small-cc-095308,6,1,1,1,training,False,95308,109203
fma-small-cc-095452,1,1,1,1,training,False,95452,95452
fma-small-cc-095486,1,1,1,1,test,False,95486,95486
fma-small-cc-095506,1,1,1,1,training,False,95506,95506
fma-small-cc-095564,1,1,1,1,training,False,95564,95564
fma-small-cc-095722,9,1,2,1,training,False,95722,112978
fma-small-cc-095908,6,1,1,1,training,False,95908,95915
fma-small-cc-096166,4,1,1,1,training,False,96166,96169
fma-small-cc-096399,5,1,1,1,training,False,96399,96403
fma-small-cc-096627,1,1,1,1,training,False,96627,96627
fma-small-cc-096675,12,3,6,1,training,False,96675,147886
fma-small-cc-096692,8,1,1,1,training,False,96692,96699
fma-small-cc-096718,1,1,1,1,training,False,96718,96718
fma-small-cc-096726,5,1,1,1,training,False,96726,96731
fma-small-cc-096759,1,1,1,1,validation,False,96759,96759
fma-small-cc-096898,4,1,1,1,training,False,96898,96902
fma-small-cc-096944,3,2,1,1,training,False,96944,96946
fma-small-cc-097037,16,3,4,1,training,False,97037,98628
fma-small-cc-097211,3,1,1,1,training,False,97211,97216
fma-small-cc-097279,4,1,2,1,training,False,97279,116549
fma-small-cc-097286,2,1,2,1,test,False,97286,98077
fma-small-cc-097406,3,1,1,1,training,False,97406,99274
fma-small-cc-097424,9,1,1,1,training,False,97424,103600
fma-small-cc-097540,4,1,1,1,training,False,97540,97545
fma-small-cc-097547,2,1,1,1,training,False,97547,97548
fma-small-cc-097568,3,1,1,1,training,False,97568,97570
fma-small-cc-097585,6,1,1,1,training,False,97585,97590
fma-small-cc-097793,4,1,1,1,training,False,97793,97814
fma-small-cc-097841,1,1,1,1,training,False,97841,97841
fma-small-cc-097886,2,1,1,1,training,False,97886,97887
fma-small-cc-097894,4,1,4,1,training,False,97894,113063
fma-small-cc-097958,12,2,2,1,training,False,97958,105674
fma-small-cc-098025,2,1,2,1,validation,False,98025,111982
fma-small-cc-098026,3,1,1,1,validation,False,98026,98031
fma-small-cc-098202,5,1,1,1,training,False,98202,98206
fma-small-cc-098229,2,1,1,1,validation,False,98229,109144
fma-small-cc-098235,4,1,1,1,training,False,98235,98238
fma-small-cc-098346,3,1,1,1,test,False,98346,98349
fma-small-cc-098565,16,1,2,1,training,False,98565,98585
fma-small-cc-098666,1,1,1,1,validation,False,98666,98666
fma-small-cc-098838,1,1,1,1,training,False,98838,98838
fma-small-cc-099041,1,1,1,1,training,False,99041,99041
fma-small-cc-099134,2,1,1,1,training,False,99134,99135
fma-small-cc-099214,1,1,1,1,training,False,99214,99214
fma-small-cc-099260,1,1,1,1,training,False,99260,99260
fma-small-cc-099311,2,1,1,1,training,False,99311,99313
fma-small-cc-099361,4,1,1,1,training,False,99361,99364
fma-small-cc-099368,8,1,1,1,training,False,99368,99375
fma-small-cc-099389,7,1,1,1,training,False,99389,99395
fma-small-cc-099411,2,1,1,1,training,False,99411,99419
fma-small-cc-099436,12,1,2,1,training,False,99436,125779
fma-small-cc-099703,3,1,1,1,training,False,99703,99707
fma-small-cc-100522,1,1,1,1,validation,False,100522,100522
fma-small-cc-100535,2,1,1,1,training,False,100535,100536
fma-small-cc-100544,4,1,1,1,training,False,100544,100552
fma-small-cc-100799,2,1,1,1,training,False,100799,100802
fma-small-cc-100835,1,1,1,1,training,False,100835,100835
fma-small-cc-100949,5,1,3,1,training,False,100949,103808
fma-small-cc-101111,5,1,1,1,training,False,101111,101119
fma-small-cc-101951,1,1,1,1,test,False,101951,101951
fma-small-cc-102092,2,1,2,1,training,False,102092,122959
fma-small-cc-102112,2,1,1,1,validation,False,102112,102114
fma-small-cc-102195,4,1,2,1,training,False,102195,110637
fma-small-cc-103518,6,1,1,1,test,False,103518,103523
fma-small-cc-104008,3,1,1,1,training,False,104008,104010
fma-small-cc-104062,2,1,1,1,training,False,104062,104063
fma-small-cc-104064,5,1,1,1,training,False,104064,104068
fma-small-cc-104086,1,1,1,1,training,False,104086,104086
fma-small-cc-104227,1,1,1,1,validation,False,104227,104227
fma-small-cc-104276,4,1,1,1,training,False,104276,104279
fma-small-cc-104282,3,1,1,1,training,False,104282,104284
fma-small-cc-104356,2,1,1,1,training,False,104356,104357
fma-small-cc-104434,1,1,1,1,test,False,104434,104434
fma-small-cc-104625,1,1,1,1,training,False,104625,104625
fma-small-cc-104668,1,1,1,1,validation,False,104668,104668
fma-small-cc-104724,2,1,1,1,training,False,104724,104725
fma-small-cc-104779,2,1,1,1,validation,False,104779,104780
fma-small-cc-105022,1,1,1,1,training,False,105022,105022
fma-small-cc-105119,1,1,1,1,training,False,105119,105119
fma-small-cc-105196,1,1,1,1,training,False,105196,105196
fma-small-cc-105683,2,1,1,1,training,False,105683,105685
fma-small-cc-105712,7,1,1,1,training,False,105712,105718
fma-small-cc-105719,3,1,1,1,training,False,105719,105722
fma-small-cc-105824,4,1,1,1,training,False,105824,105827
fma-small-cc-105887,2,1,1,1,training,False,105887,105890
fma-small-cc-105912,1,1,1,1,training,False,105912,105912
fma-small-cc-105914,7,1,1,1,training,False,105914,105920
fma-small-cc-106274,2,1,1,1,training,False,106274,106277
fma-small-cc-106339,3,1,1,1,training,False,106339,106343
fma-small-cc-106456,3,1,1,1,training,False,106456,106458
fma-small-cc-106463,2,1,1,1,training,False,106463,106465
fma-small-cc-106502,7,1,2,1,training,False,106502,145432
fma-small-cc-106522,1,1,1,1,training,False,106522,106522
fma-small-cc-106562,9,1,1,1,training,False,106562,106571
fma-small-cc-106629,1,1,1,1,test,False,106629,106629
fma-small-cc-106937,1,1,1,1,training,False,106937,106937
fma-small-cc-106948,3,1,1,1,validation,False,106948,106952
fma-small-cc-107046,5,1,1,1,validation,False,107046,107050
fma-small-cc-107101,1,1,1,1,training,False,107101,107101
fma-small-cc-107125,5,1,1,1,training,False,107125,107129
fma-small-cc-107178,12,4,1,1,training,False,107178,107189
fma-small-cc-107248,6,1,1,1,training,False,107248,107257
fma-small-cc-107388,4,1,1,1,training,False,107388,107391
fma-small-cc-107425,15,1,2,1,training,False,107425,108423
fma-small-cc-107476,1,1,1,1,training,False,107476,107476
fma-small-cc-107506,1,1,1,1,training,False,107506,107506
fma-small-cc-107531,5,1,1,1,training,False,107531,107535
fma-small-cc-107567,1,1,1,1,training,False,107567,107567
fma-small-cc-107569,19,1,3,1,training,False,107569,107598
fma-small-cc-107613,3,1,2,1,training,False,107613,107617
fma-small-cc-107659,1,1,1,1,training,False,107659,107659
fma-small-cc-107799,5,5,1,1,training,False,107799,107810
fma-small-cc-107908,7,2,2,2,training;validation,True,107908,118070
fma-small-cc-107949,9,1,1,1,training,False,107949,107957
fma-small-cc-108012,4,1,1,1,training,False,108012,108016
fma-small-cc-108031,2,1,1,1,training,False,108031,108036
fma-small-cc-108037,2,1,1,1,training,False,108037,108038
fma-small-cc-108079,1,1,1,1,validation,False,108079,108079
fma-small-cc-108155,1,1,1,1,training,False,108155,108155
fma-small-cc-108230,1,1,1,1,training,False,108230,108230
fma-small-cc-108290,3,1,1,1,training,False,108290,108298
fma-small-cc-108299,10,1,1,1,training,False,108299,108308
fma-small-cc-108313,4,1,1,1,training,False,108313,108319
fma-small-cc-108425,5,1,1,1,training,False,108425,108429
fma-small-cc-108456,5,1,1,1,test,False,108456,108461
fma-small-cc-108471,15,1,2,1,training,False,108471,116760
fma-small-cc-108487,15,5,1,2,test;training,True,108487,108501
fma-small-cc-108502,4,2,1,1,training,False,108502,108505
fma-small-cc-108524,10,1,1,1,test,False,108524,108533
fma-small-cc-108745,16,1,8,1,training,False,108745,145746
fma-small-cc-108799,7,1,3,1,training,False,108799,110736
fma-small-cc-108925,1,1,1,1,training,False,108925,108925
fma-small-cc-108957,3,1,1,1,training,False,108957,108962
fma-small-cc-108967,4,1,1,1,training,False,108967,108970
fma-small-cc-108992,1,1,1,1,validation,False,108992,108992
fma-small-cc-109068,3,1,1,1,training,False,109068,109072
fma-small-cc-109106,1,1,1,1,training,False,109106,109106
fma-small-cc-109189,2,2,1,1,training,False,109189,109191
fma-small-cc-109235,1,1,1,1,training,False,109235,109235
fma-small-cc-109276,1,1,1,1,training,False,109276,109276
fma-small-cc-109445,6,1,1,1,training,False,109445,109450
fma-small-cc-109468,1,1,1,1,training,False,109468,109468
fma-small-cc-109481,2,1,1,1,training,False,109481,109497
fma-small-cc-109535,3,1,1,1,training,False,109535,109538
fma-small-cc-109542,2,1,1,1,training,False,109542,109543
fma-small-cc-109548,1,1,1,1,training,False,109548,109548
fma-small-cc-109681,5,1,1,1,training,False,109681,109687
fma-small-cc-109711,2,1,1,1,training,False,109711,109712
fma-small-cc-109896,8,1,1,1,training,False,109896,109906
fma-small-cc-109925,3,1,2,1,validation,False,109925,111416
fma-small-cc-110166,2,1,1,1,training,False,110166,110167
fma-small-cc-110230,1,1,1,1,training,False,110230,110230
fma-small-cc-110274,1,1,1,1,training,False,110274,110274
fma-small-cc-110410,2,1,1,1,training,False,110410,110417
fma-small-cc-110447,6,1,1,1,training,False,110447,110452
fma-small-cc-110546,1,1,1,1,training,False,110546,110546
fma-small-cc-110610,2,1,2,1,training,False,110610,110611
fma-small-cc-110623,3,1,1,1,training,False,110623,110630
fma-small-cc-110647,8,1,1,1,training,False,110647,110654
fma-small-cc-110687,11,1,2,1,training,False,110687,123004
fma-small-cc-110711,1,1,1,1,training,False,110711,110711
fma-small-cc-110923,3,1,1,1,training,False,110923,110928
fma-small-cc-110980,4,1,1,1,training,False,110980,110985
fma-small-cc-111182,4,1,1,1,validation,False,111182,111188
fma-small-cc-111216,1,1,1,1,test,False,111216,111216
fma-small-cc-111306,5,1,2,1,training,False,111306,127350
fma-small-cc-111367,28,1,1,1,training,False,111367,111402
fma-small-cc-111579,1,1,1,1,training,False,111579,111579
fma-small-cc-111747,1,1,1,1,training,False,111747,111747
fma-small-cc-111793,1,1,1,1,training,False,111793,111793
fma-small-cc-111819,4,1,2,1,training,False,111819,122675
fma-small-cc-111871,3,2,1,2,training;validation,True,111871,111873
fma-small-cc-111911,2,1,2,1,training,False,111911,130016
fma-small-cc-111933,1,1,1,1,training,False,111933,111933
fma-small-cc-111934,5,1,1,1,test,False,111934,111938
fma-small-cc-111974,1,1,1,1,training,False,111974,111974
fma-small-cc-111994,3,1,1,1,test,False,111994,112001
fma-small-cc-112088,4,1,3,1,training,False,112088,125337
fma-small-cc-112196,8,1,3,1,training,False,112196,115852
fma-small-cc-112209,3,1,1,1,training,False,112209,112211
fma-small-cc-112215,1,1,1,1,training,False,112215,112215
fma-small-cc-112252,1,1,1,1,training,False,112252,112252
fma-small-cc-112490,1,1,1,1,training,False,112490,112490
fma-small-cc-112526,4,1,1,1,training,False,112526,112529
fma-small-cc-112583,6,1,1,1,training,False,112583,112588
fma-small-cc-112668,24,3,6,2,training;validation,True,112668,141264
fma-small-cc-112733,3,1,1,1,training,False,112733,112735
fma-small-cc-112790,1,1,1,1,test,False,112790,112790
fma-small-cc-112821,1,1,1,1,training,False,112821,112821
fma-small-cc-113016,13,1,1,1,training,False,113016,113028
fma-small-cc-113030,4,1,1,1,validation,False,113030,113033
fma-small-cc-113110,5,1,2,1,training,False,113110,123468
fma-small-cc-113164,3,1,1,1,training,False,113164,113166
fma-small-cc-113167,1,1,1,1,training,False,113167,113167
fma-small-cc-113259,25,25,1,3,test;training;validation,True,113259,113284
fma-small-cc-113311,1,1,1,1,training,False,113311,113311
fma-small-cc-113334,3,1,1,1,training,False,113334,113336
fma-small-cc-113357,3,1,1,1,training,False,113357,113360
fma-small-cc-113453,1,1,1,1,validation,False,113453,113453
fma-small-cc-113511,3,1,1,1,training,False,113511,113513
fma-small-cc-113530,1,1,1,1,training,False,113530,113530
fma-small-cc-113558,1,1,1,1,training,False,113558,113558
fma-small-cc-113564,7,4,3,2,test;training,True,113564,116465
fma-small-cc-113696,6,1,1,1,training,False,113696,113701
fma-small-cc-113702,2,1,2,1,training,False,113702,145043
fma-small-cc-113787,4,1,1,1,training,False,113787,113790
fma-small-cc-113808,3,1,1,1,training,False,113808,113810
fma-small-cc-113822,1,1,1,1,training,False,113822,113822
fma-small-cc-113932,4,1,1,1,training,False,113932,113935
fma-small-cc-113946,3,1,1,1,training,False,113946,113950
fma-small-cc-113969,1,1,1,1,training,False,113969,113969
fma-small-cc-113970,10,1,2,1,training,False,113970,118923
fma-small-cc-114006,5,1,2,1,validation,False,114006,120515
fma-small-cc-114036,12,1,1,1,training,False,114036,114051
fma-small-cc-114069,208,1,41,1,training,False,114069,149143
fma-small-cc-114198,4,1,1,1,training,False,114198,114201
fma-small-cc-114212,56,1,25,1,test,False,114212,148002
fma-small-cc-114242,2,1,1,1,training,False,114242,114245
fma-small-cc-114265,6,1,1,1,training,False,114265,114275
fma-small-cc-114289,10,1,1,1,training,False,114289,114298
fma-small-cc-114371,5,1,1,1,training,False,114371,114375
fma-small-cc-114384,10,2,1,1,training,False,114384,114393
fma-small-cc-114395,25,1,3,1,training,False,114395,134389
fma-small-cc-114430,1,1,1,1,training,False,114430,114430
fma-small-cc-114544,5,1,1,1,training,False,114544,114559
fma-small-cc-114936,8,1,1,1,training,False,114936,114943
fma-small-cc-114974,2,1,1,1,test,False,114974,114976
fma-small-cc-115125,12,1,1,1,training,False,115125,118277
fma-small-cc-115271,3,1,1,1,training,False,115271,115273
fma-small-cc-115391,2,1,1,1,training,False,115391,115392
fma-small-cc-115592,2,1,1,1,training,False,115592,115597
fma-small-cc-115697,4,1,1,1,training,False,115697,115700
fma-small-cc-115721,4,1,1,1,training,False,115721,115724
fma-small-cc-115761,5,1,1,1,training,False,115761,115766
fma-small-cc-115767,16,1,2,1,training,False,115767,124183
fma-small-cc-115811,10,1,1,1,training,False,115811,132420
fma-small-cc-115927,4,1,2,1,training,False,115927,115935
fma-small-cc-115944,2,1,1,1,training,False,115944,115948
fma-small-cc-116029,1,1,1,1,training,False,116029,116029
fma-small-cc-116068,2,1,2,1,training,False,116068,141310
fma-small-cc-116116,3,1,1,1,training,False,116116,116261
fma-small-cc-116235,9,9,1,2,training;validation,True,116235,116243
fma-small-cc-116344,2,1,1,1,training,False,116344,116345
fma-small-cc-116372,6,5,2,1,training,False,116372,133333
fma-small-cc-116446,12,1,1,1,training,False,116446,116458
fma-small-cc-116514,3,1,1,1,validation,False,116514,116525
fma-small-cc-116547,2,1,2,1,training,False,116547,127339
fma-small-cc-116833,1,1,1,1,training,False,116833,116833
fma-small-cc-116872,9,1,2,1,training,False,116872,139524
fma-small-cc-116877,7,1,2,1,training,False,116877,134359
fma-small-cc-116883,1,1,1,1,training,False,116883,116883
fma-small-cc-117287,2,1,1,1,training,False,117287,117288
fma-small-cc-117472,13,1,3,1,training,False,117472,125377
fma-small-cc-117626,1,1,1,1,test,False,117626,117626
fma-small-cc-117627,6,1,1,1,training,False,117627,117632
fma-small-cc-117666,5,1,1,1,training,False,117666,117670
fma-small-cc-117846,1,1,1,1,training,False,117846,117846
fma-small-cc-117883,5,1,1,1,test,False,117883,117887
fma-small-cc-117991,22,8,4,2,test;training,True,117991,145464
fma-small-cc-118068,4,1,2,1,training,False,118068,144810
fma-small-cc-118257,1,1,1,1,training,False,118257,118257
fma-small-cc-118327,1,1,1,1,training,False,118327,118327
fma-small-cc-118478,3,3,1,1,training,False,118478,118489
fma-small-cc-118496,7,7,1,1,training,False,118496,118504
fma-small-cc-118505,2,2,1,2,test;training,True,118505,118507
fma-small-cc-118629,1,1,1,1,training,False,118629,118629
fma-small-cc-118734,1,1,1,1,training,False,118734,118734
fma-small-cc-118735,3,1,1,1,training,False,118735,118739
fma-small-cc-118886,2,1,1,1,validation,False,118886,118891
fma-small-cc-118950,6,1,1,1,training,False,118950,118955
fma-small-cc-118986,3,1,1,1,training,False,118986,118988
fma-small-cc-119025,3,1,1,1,training,False,119025,119027
fma-small-cc-119187,2,1,1,1,training,False,119187,119193
fma-small-cc-119257,1,1,1,1,training,False,119257,119257
fma-small-cc-119369,2,1,1,1,training,False,119369,119379
fma-small-cc-119413,1,1,1,1,training,False,119413,119413
fma-small-cc-119545,1,1,1,1,training,False,119545,119545
fma-small-cc-119569,3,1,1,1,training,False,119569,119574
fma-small-cc-119575,6,1,1,1,training,False,119575,119583
fma-small-cc-119584,2,1,1,1,test,False,119584,119592
fma-small-cc-119719,3,1,1,1,training,False,119719,119726
fma-small-cc-119727,1,1,1,1,training,False,119727,119727
fma-small-cc-119745,1,1,1,1,validation,False,119745,119745
fma-small-cc-119938,5,1,1,1,training,False,119938,119942
fma-small-cc-119985,7,1,2,1,training,False,119985,123614
fma-small-cc-120099,5,5,1,2,training;validation,True,120099,120112
fma-small-cc-120150,4,4,1,1,training,False,120150,120171
fma-small-cc-120172,3,1,1,1,training,False,120172,120178
fma-small-cc-120296,36,1,1,1,training,False,120296,120333
fma-small-cc-120462,30,1,5,1,training,False,120462,145761
fma-small-cc-120504,1,1,1,1,training,False,120504,120504
fma-small-cc-120518,1,1,1,1,validation,False,120518,120518
fma-small-cc-120769,10,1,1,1,training,False,120769,120778
fma-small-cc-120779,2,1,1,1,validation,False,120779,120782
fma-small-cc-121251,1,1,1,1,training,False,121251,121251
fma-small-cc-121256,2,1,1,1,training,False,121256,121257
fma-small-cc-121273,1,1,1,1,training,False,121273,121273
fma-small-cc-121288,1,1,1,1,training,False,121288,121288
fma-small-cc-121312,12,1,1,1,training,False,121312,121323
fma-small-cc-121366,1,1,1,1,training,False,121366,121366
fma-small-cc-121415,1,1,1,1,test,False,121415,121415
fma-small-cc-121449,6,1,1,1,training,False,121449,121454
fma-small-cc-121472,4,1,1,1,training,False,121472,121475
fma-small-cc-121570,1,1,1,1,training,False,121570,121570
fma-small-cc-121589,6,1,1,1,training,False,121589,121594
fma-small-cc-121595,1,1,1,1,test,False,121595,121595
fma-small-cc-121651,16,1,1,1,validation,False,121651,121666
fma-small-cc-121734,8,1,2,1,training,False,121734,152324
fma-small-cc-121813,1,1,1,1,training,False,121813,121813
fma-small-cc-121866,3,1,1,1,training,False,121866,121869
fma-small-cc-121913,6,1,1,1,test,False,121913,121930
fma-small-cc-121976,7,7,1,2,test;training,True,121976,122004
fma-small-cc-122106,2,1,1,1,test,False,122106,122107
fma-small-cc-122199,3,1,1,1,training,False,122199,122204
fma-small-cc-122261,1,1,1,1,training,False,122261,122261
fma-small-cc-122352,18,1,3,1,validation,False,122352,136276
fma-small-cc-122395,5,1,1,1,training,False,122395,122400
fma-small-cc-122620,1,1,1,1,training,False,122620,122620
fma-small-cc-122621,3,1,1,1,training,False,122621,122623
fma-small-cc-122624,11,1,1,1,training,False,122624,122635
fma-small-cc-122644,9,1,1,1,training,False,122644,122654
fma-small-cc-122683,3,1,1,1,training,False,122683,122686
fma-small-cc-122798,11,1,1,1,training,False,122798,122810
fma-small-cc-122901,1,1,1,1,training,False,122901,122901
fma-small-cc-122911,1,1,1,1,training,False,122911,122911
fma-small-cc-122932,4,1,1,1,training,False,122932,122936
fma-small-cc-123094,4,1,1,1,training,False,123094,123099
fma-small-cc-123147,1,1,1,1,training,False,123147,123147
fma-small-cc-123273,1,1,1,1,training,False,123273,123273
fma-small-cc-123278,1,1,1,1,training,False,123278,123278
fma-small-cc-123333,3,1,2,1,training,False,123333,135054
fma-small-cc-123427,1,1,1,1,training,False,123427,123427
fma-small-cc-123438,5,1,1,1,training,False,123438,123442
fma-small-cc-123474,1,1,1,1,training,False,123474,123474
fma-small-cc-123484,6,1,2,1,training,False,123484,123523
fma-small-cc-123760,5,1,2,1,training,False,123760,123764
fma-small-cc-123821,3,1,2,1,training,False,123821,148537
fma-small-cc-123825,4,1,1,1,training,False,123825,123835
fma-small-cc-123866,3,1,1,1,training,False,123866,123868
fma-small-cc-123899,1,1,1,1,training,False,123899,123899
fma-small-cc-123932,7,1,1,1,training,False,123932,123938
fma-small-cc-123964,16,1,1,1,training,False,123964,123980
fma-small-cc-123981,2,1,1,1,training,False,123981,123986
fma-small-cc-124184,3,1,1,1,test,False,124184,124186
fma-small-cc-124201,1,1,1,1,validation,False,124201,124201
fma-small-cc-124391,4,1,1,1,test,False,124391,124394
fma-small-cc-124409,2,1,1,1,training,False,124409,124411
fma-small-cc-124424,3,1,1,1,training,False,124424,124426
fma-small-cc-124460,2,1,1,1,training,False,124460,124461
fma-small-cc-124470,1,1,1,1,training,False,124470,124470
fma-small-cc-124509,1,1,1,1,training,False,124509,124509
fma-small-cc-124554,2,1,1,1,training,False,124554,124555
fma-small-cc-124752,5,5,1,1,training,False,124752,124756
fma-small-cc-124870,1,1,1,1,training,False,124870,124870
fma-small-cc-124872,9,1,3,1,training,False,124872,134586
fma-small-cc-124891,2,1,1,1,validation,False,124891,124892
fma-small-cc-124912,6,1,1,1,training,False,124912,124918
fma-small-cc-124992,6,1,1,1,training,False,124992,125004
fma-small-cc-125154,10,1,2,1,validation,False,125154,126773
fma-small-cc-125237,4,1,1,1,validation,False,125237,125240
fma-small-cc-125312,3,1,1,1,training,False,125312,125314
fma-small-cc-125432,1,1,1,1,training,False,125432,125432
fma-small-cc-125551,1,1,1,1,training,False,125551,125551
fma-small-cc-125721,3,1,1,1,training,False,125721,125723
fma-small-cc-126047,1,1,1,1,training,False,126047,126047
fma-small-cc-126055,1,1,1,1,training,False,126055,126055
fma-small-cc-126102,4,1,1,1,training,False,126102,126105
fma-small-cc-126180,9,1,1,1,training,False,126180,126189
fma-small-cc-126221,6,1,1,1,training,False,126221,126227
fma-small-cc-126294,9,1,3,1,training,False,126294,152480
fma-small-cc-126316,6,1,1,1,training,False,126316,126321
fma-small-cc-126354,3,1,1,1,training,False,126354,126362
fma-small-cc-126398,9,1,1,1,training,False,126398,126407
fma-small-cc-126425,7,1,1,1,training,False,126425,126431
fma-small-cc-126455,1,1,1,1,training,False,126455,126455
fma-small-cc-126489,3,1,1,1,training,False,126489,126491
fma-small-cc-126550,3,1,1,1,validation,False,126550,126559
fma-small-cc-126584,6,1,1,1,validation,False,126584,126589
fma-small-cc-126598,1,1,1,1,training,False,126598,126598
fma-small-cc-126666,11,1,1,1,training,False,126666,126676
fma-small-cc-126778,3,1,1,1,training,False,126778,126782
fma-small-cc-126786,3,1,1,1,training,False,126786,126790
fma-small-cc-126944,2,1,2,1,training,False,126944,128699
fma-small-cc-126979,1,1,1,1,training,False,126979,126979
fma-small-cc-127036,2,1,1,1,training,False,127036,127037
fma-small-cc-127155,1,1,1,1,training,False,127155,127155
fma-small-cc-127159,1,1,1,1,training,False,127159,127159
fma-small-cc-127180,10,1,1,1,test,False,127180,127189
fma-small-cc-127190,5,1,1,1,training,False,127190,127194
fma-small-cc-127203,4,1,1,1,training,False,127203,127206
fma-small-cc-127207,6,1,1,1,training,False,127207,127212
fma-small-cc-127265,3,1,1,1,training,False,127265,127267
fma-small-cc-127268,7,1,1,1,training,False,127268,127276
fma-small-cc-127277,11,1,1,1,training,False,127277,127290
fma-small-cc-127294,10,1,1,1,training,False,127294,127303
fma-small-cc-127330,2,1,2,1,test,False,127330,137605
fma-small-cc-127356,2,1,1,1,training,False,127356,127357
fma-small-cc-127358,3,1,1,1,training,False,127358,127360
fma-small-cc-127402,1,1,1,1,training,False,127402,127402
fma-small-cc-127422,1,1,1,1,training,False,127422,127422
fma-small-cc-127484,1,1,1,1,test,False,127484,127484
fma-small-cc-127532,3,1,1,1,validation,False,127532,127542
fma-small-cc-127559,1,1,1,1,test,False,127559,127559
fma-small-cc-127620,2,1,1,1,training,False,127620,127623
fma-small-cc-127720,1,1,1,1,training,False,127720,127720
fma-small-cc-127722,2,1,1,1,training,False,127722,127726
fma-small-cc-127865,7,1,1,1,validation,False,127865,127871
fma-small-cc-127878,1,1,1,1,training,False,127878,127878
fma-small-cc-127908,8,1,1,1,training,False,127908,127915
fma-small-cc-127916,1,1,1,1,training,False,127916,127916
fma-small-cc-127936,4,1,1,1,validation,False,127936,128760
fma-small-cc-128619,3,1,2,1,training,False,128619,137152
fma-small-cc-128709,4,1,2,1,training,False,128709,131166
fma-small-cc-128799,1,1,1,1,training,False,128799,128799
fma-small-cc-128992,1,1,1,1,training,False,128992,128992
fma-small-cc-129046,1,1,1,1,training,False,129046,129046
fma-small-cc-129048,8,1,1,1,validation,False,129048,129056
fma-small-cc-129088,21,1,2,1,validation,False,129088,137725
fma-small-cc-129268,1,1,1,1,training,False,129268,129268
fma-small-cc-129362,4,1,1,1,training,False,129362,129375
fma-small-cc-129391,3,1,1,1,training,False,129391,129393
fma-small-cc-129395,4,1,1,1,training,False,129395,129398
fma-small-cc-129400,8,1,1,1,training,False,129400,129407
fma-small-cc-129439,3,1,1,1,training,False,129439,129444
fma-small-cc-129620,3,3,1,2,training;validation,True,129620,129624
fma-small-cc-129742,3,1,2,1,validation,False,129742,140939
fma-small-cc-129806,3,1,1,1,training,False,129806,129808
fma-small-cc-129816,1,1,1,1,training,False,129816,129816
fma-small-cc-129874,12,1,1,1,training,False,129874,129889
fma-small-cc-129904,7,1,1,1,training,False,129904,129920
fma-small-cc-129922,6,1,1,1,training,False,129922,129927
fma-small-cc-129962,6,1,1,1,training,False,129962,129973
fma-small-cc-130084,1,1,1,1,training,False,130084,130084
fma-small-cc-130129,9,1,1,1,training,False,130129,130137
fma-small-cc-130218,1,1,1,1,training,False,130218,130218
fma-small-cc-130265,2,1,2,1,training,False,130265,139043
fma-small-cc-130347,2,1,1,1,training,False,130347,130349
fma-small-cc-130367,6,1,1,1,training,False,130367,130372
fma-small-cc-130440,7,1,2,1,training,False,130440,131021
fma-small-cc-130667,1,1,1,1,training,False,130667,130667
fma-small-cc-130682,2,1,2,1,training,False,130682,130683
fma-small-cc-130689,4,1,1,1,training,False,130689,130693
fma-small-cc-130702,1,1,1,1,validation,False,130702,130702
fma-small-cc-130709,3,1,1,1,training,False,130709,130711
fma-small-cc-130758,1,1,1,1,training,False,130758,130758
fma-small-cc-130920,4,1,1,1,training,False,130920,130923
fma-small-cc-130937,3,1,1,1,training,False,130937,130944
fma-small-cc-130945,8,1,1,1,training,False,130945,130955
fma-small-cc-130956,3,1,1,1,training,False,130956,130964
fma-small-cc-131024,1,1,1,1,training,False,131024,131024
fma-small-cc-131410,1,1,1,1,test,False,131410,131410
fma-small-cc-131436,10,1,1,1,training,False,131436,131454
fma-small-cc-131536,1,1,1,1,training,False,131536,131536
fma-small-cc-131552,3,1,1,1,training,False,131552,131554
fma-small-cc-131567,1,1,1,1,training,False,131567,131567
fma-small-cc-131656,3,1,1,1,training,False,131656,131658
fma-small-cc-131764,7,1,1,1,training,False,131764,131774
fma-small-cc-131787,8,1,1,1,training,False,131787,131797
fma-small-cc-131897,39,1,3,1,training,False,131897,133580
fma-small-cc-131932,5,1,1,1,test,False,131932,131936
fma-small-cc-131938,5,1,1,1,training,False,131938,131942
fma-small-cc-131978,2,1,1,1,validation,False,131978,131979
fma-small-cc-131980,6,1,1,1,training,False,131980,131986
fma-small-cc-132019,1,1,1,1,training,False,132019,132019
fma-small-cc-132040,4,1,1,1,training,False,132040,132045
fma-small-cc-132117,3,3,1,2,test;training,True,132117,132122
fma-small-cc-132171,1,1,1,1,test,False,132171,132171
fma-small-cc-132272,1,1,1,1,training,False,132272,132272
fma-small-cc-132424,3,3,1,1,training,False,132424,132436
fma-small-cc-132448,8,1,2,1,test,False,132448,140934
fma-small-cc-132449,5,1,1,1,validation,False,132449,132456
fma-small-cc-132561,4,4,1,1,training,False,132561,132568
fma-small-cc-132589,1,1,1,1,validation,False,132589,132589
fma-small-cc-132675,4,1,1,1,training,False,132675,132679
fma-small-cc-132773,3,1,1,1,training,False,132773,132775
fma-small-cc-132778,14,1,1,1,training,False,132778,132795
fma-small-cc-132914,1,1,1,1,training,False,132914,132914
fma-small-cc-132954,6,1,1,1,training,False,132954,132965
fma-small-cc-133272,5,1,1,1,training,False,133272,133276
fma-small-cc-133431,47,1,4,1,validation,False,133431,144801
fma-small-cc-133479,1,1,1,1,training,False,133479,133479
fma-small-cc-133632,1,1,1,1,training,False,133632,133632
fma-small-cc-133638,2,1,1,1,training,False,133638,133639
fma-small-cc-133729,2,1,1,1,training,False,133729,133731
fma-small-cc-133772,1,1,1,1,test,False,133772,133772
fma-small-cc-133780,2,1,1,1,validation,False,133780,133781
fma-small-cc-133833,1,1,1,1,training,False,133833,133833
fma-small-cc-133835,4,1,1,1,training,False,133835,133838
fma-small-cc-133916,1,1,1,1,training,False,133916,133916
fma-small-cc-133942,2,1,1,1,training,False,133942,133943
fma-small-cc-133967,12,1,1,1,training,False,133967,133978
fma-small-cc-134034,1,1,1,1,training,False,134034,134034
fma-small-cc-134073,3,1,1,1,training,False,134073,134084
fma-small-cc-134094,1,1,1,1,training,False,134094,134094
fma-small-cc-134446,3,1,1,1,training,False,134446,134448
fma-small-cc-134509,5,1,3,1,training,False,134509,144741
fma-small-cc-134594,1,1,1,1,training,False,134594,134594
fma-small-cc-134790,8,1,1,1,test,False,134790,134797
fma-small-cc-134801,1,1,1,1,training,False,134801,134801
fma-small-cc-134918,29,1,3,1,training,False,134918,134962
fma-small-cc-134979,2,1,1,1,training,False,134979,134981
fma-small-cc-135010,1,1,1,1,training,False,135010,135010
fma-small-cc-135028,4,1,2,1,training,False,135028,135044
fma-small-cc-135089,3,1,1,1,training,False,135089,135092
fma-small-cc-135219,11,1,1,1,validation,False,135219,135229
fma-small-cc-135336,7,1,1,1,validation,False,135336,135342
fma-small-cc-135363,11,1,1,1,training,False,135363,135375
fma-small-cc-135986,3,1,1,1,training,False,135986,135990
fma-small-cc-136054,1,1,1,1,test,False,136054,136054
fma-small-cc-136091,2,1,1,1,training,False,136091,136094
fma-small-cc-136134,3,1,1,1,training,False,136134,136138
fma-small-cc-136275,1,1,1,1,training,False,136275,136275
fma-small-cc-136320,6,1,1,1,training,False,136320,136424
fma-small-cc-136331,2,1,2,1,training,False,136331,139003
fma-small-cc-136404,1,1,1,1,training,False,136404,136404
fma-small-cc-136449,1,1,1,1,training,False,136449,136449
fma-small-cc-136705,5,1,1,1,training,False,136705,136709
fma-small-cc-136928,7,1,2,1,training,False,136928,139995
fma-small-cc-136994,2,2,1,1,training,False,136994,136995
fma-small-cc-137054,1,1,1,1,training,False,137054,137054
fma-small-cc-137211,6,1,2,1,training,False,137211,149417
fma-small-cc-137356,1,1,1,1,training,False,137356,137356
fma-small-cc-137417,7,1,1,1,training,False,137417,137426
fma-small-cc-137462,3,1,2,1,training,False,137462,143532
fma-small-cc-137484,1,1,1,1,training,False,137484,137484
fma-small-cc-137551,1,1,1,1,training,False,137551,137551
fma-small-cc-137561,2,2,1,1,training,False,137561,137563
fma-small-cc-137567,1,1,1,1,training,False,137567,137567
fma-small-cc-137593,1,1,1,1,training,False,137593,137593
fma-small-cc-137624,5,1,1,1,test,False,137624,137632
fma-small-cc-137740,1,1,1,1,training,False,137740,137740
fma-small-cc-137907,1,1,1,1,training,False,137907,137907
fma-small-cc-137935,1,1,1,1,training,False,137935,137935
fma-small-cc-137990,1,1,1,1,training,False,137990,137990
fma-small-cc-137998,1,1,1,1,training,False,137998,137998
fma-small-cc-138010,1,1,1,1,training,False,138010,138010
fma-small-cc-138015,3,1,1,1,training,False,138015,138017
fma-small-cc-138018,9,1,1,1,test,False,138018,138026
fma-small-cc-138038,4,1,1,1,training,False,138038,138041
fma-small-cc-138053,1,1,1,1,training,False,138053,138053
fma-small-cc-138060,2,1,1,1,validation,False,138060,138061
fma-small-cc-138062,10,1,1,1,training,False,138062,138071
fma-small-cc-138207,3,1,1,1,training,False,138207,138211
fma-small-cc-138256,1,1,1,1,training,False,138256,138256
fma-small-cc-138282,1,1,1,1,training,False,138282,138282
fma-small-cc-138306,1,1,1,1,training,False,138306,138306
fma-small-cc-138311,5,1,1,1,training,False,138311,138320
fma-small-cc-138355,1,1,1,1,training,False,138355,138355
fma-small-cc-138578,4,1,1,1,training,False,138578,138581
fma-small-cc-139110,2,1,1,1,training,False,139110,139112
fma-small-cc-139117,2,1,1,1,training,False,139117,139123
fma-small-cc-139226,6,1,3,1,training,False,139226,149185
fma-small-cc-139329,2,1,1,1,training,False,139329,139330
fma-small-cc-139461,1,1,1,1,training,False,139461,139461
fma-small-cc-139532,4,1,1,1,training,False,139532,139537
fma-small-cc-139637,2,1,1,1,training,False,139637,139638
fma-small-cc-139681,5,1,4,1,training,False,139681,140316
fma-small-cc-139769,2,1,1,1,training,False,139769,139770
fma-small-cc-139771,7,1,1,1,training,False,139771,139777
fma-small-cc-139862,1,1,1,1,training,False,139862,139862
fma-small-cc-139933,5,1,1,1,test,False,139933,139937
fma-small-cc-139954,1,1,1,1,training,False,139954,139954
fma-small-cc-140043,1,1,1,1,test,False,140043,140043
fma-small-cc-140134,5,1,2,1,training,False,140134,141875
fma-small-cc-140258,6,1,1,1,training,False,140258,140263
fma-small-cc-140266,1,1,1,1,training,False,140266,140266
fma-small-cc-140344,1,1,1,1,training,False,140344,140344
fma-small-cc-140421,1,1,1,1,training,False,140421,140421
fma-small-cc-140576,3,3,1,2,training;validation,True,140576,140584
fma-small-cc-140871,5,1,1,1,training,False,140871,140875
fma-small-cc-141137,4,1,1,1,training,False,141137,141143
fma-small-cc-141164,4,1,1,1,training,False,141164,141168
fma-small-cc-141173,1,1,1,1,training,False,141173,141173
fma-small-cc-141179,4,1,1,1,training,False,141179,141182
fma-small-cc-141282,18,1,1,1,training,False,141282,141303
fma-small-cc-141304,2,1,2,1,training,False,141304,143290
fma-small-cc-141375,7,1,3,1,training,False,141375,149370
fma-small-cc-141561,9,1,2,1,training,False,141561,152545
fma-small-cc-141616,4,1,1,1,test,False,141616,141619
fma-small-cc-141877,2,1,1,1,test,False,141877,141878
fma-small-cc-141894,1,1,1,1,training,False,141894,141894
fma-small-cc-141901,8,1,1,1,training,False,141901,153956
fma-small-cc-141972,1,1,1,1,training,False,141972,141972
fma-small-cc-142082,11,1,1,1,training,False,142082,142093
fma-small-cc-142128,1,1,1,1,training,False,142128,142128
fma-small-cc-142129,3,1,1,1,training,False,142129,142133
fma-small-cc-142381,1,1,1,1,training,False,142381,142381
fma-small-cc-142402,1,1,1,1,training,False,142402,142402
fma-small-cc-142418,1,1,1,1,training,False,142418,142418
fma-small-cc-142511,1,1,1,1,training,False,142511,142511
fma-small-cc-142516,3,1,1,1,training,False,142516,142519
fma-small-cc-142528,5,1,1,1,training,False,142528,142532
fma-small-cc-142533,7,1,1,1,test,False,142533,142539
fma-small-cc-142549,5,1,1,1,training,False,142549,142553
fma-small-cc-142563,1,1,1,1,validation,False,142563,142563
fma-small-cc-142564,10,1,1,1,training,False,142564,142573
fma-small-cc-142574,3,1,1,1,training,False,142574,142576
fma-small-cc-142577,2,1,1,1,training,False,142577,142579
fma-small-cc-142666,6,1,1,1,training,False,142666,142672
fma-small-cc-142947,4,1,1,1,validation,False,142947,142950
fma-small-cc-143039,1,1,1,1,training,False,143039,143039
fma-small-cc-143046,9,1,2,1,training,False,143046,148773
fma-small-cc-143106,1,1,1,1,training,False,143106,143106
fma-small-cc-143186,1,1,1,1,validation,False,143186,143186
fma-small-cc-143214,8,1,1,1,training,False,143214,143221
fma-small-cc-143295,11,1,1,1,validation,False,143295,143309
fma-small-cc-143318,2,1,1,1,training,False,143318,143319
fma-small-cc-143989,2,1,1,1,training,False,143989,143995
fma-small-cc-144179,4,1,1,1,training,False,144179,144182
fma-small-cc-144423,7,4,3,1,training,False,144423,148444
fma-small-cc-144487,2,1,1,1,training,False,144487,144492
fma-small-cc-144542,11,1,1,1,training,False,144542,144552
fma-small-cc-144592,1,1,1,1,test,False,144592,144592
fma-small-cc-144733,1,1,1,1,training,False,144733,144733
fma-small-cc-144933,24,1,3,1,training,False,144933,145711
fma-small-cc-145002,7,1,2,1,training,False,145002,150064
fma-small-cc-145020,2,1,1,1,training,False,145020,145027
fma-small-cc-145058,2,2,1,1,training,False,145058,145059
fma-small-cc-145067,2,1,1,1,test,False,145067,145068
fma-small-cc-145074,1,1,1,1,training,False,145074,145074
fma-small-cc-145183,2,2,1,1,training,False,145183,145189
fma-small-cc-145199,1,1,1,1,training,False,145199,145199
fma-small-cc-145241,1,1,1,1,training,False,145241,145241
fma-small-cc-145257,4,1,1,1,training,False,145257,145260
fma-small-cc-145549,1,1,1,1,validation,False,145549,145549
fma-small-cc-145550,7,1,1,1,training,False,145550,145556
fma-small-cc-145606,1,1,1,1,training,False,145606,145606
fma-small-cc-145607,4,1,1,1,training,False,145607,145610
fma-small-cc-145645,2,1,1,1,training,False,145645,145646
fma-small-cc-145780,2,1,1,1,training,False,145780,145783
fma-small-cc-145917,2,1,1,1,training,False,145917,145918
fma-small-cc-146017,4,1,1,1,training,False,146017,146020
fma-small-cc-146070,1,1,1,1,training,False,146070,146070
fma-small-cc-146147,7,1,1,1,training,False,146147,146153
fma-small-cc-146343,1,1,1,1,validation,False,146343,146343
fma-small-cc-146478,4,1,1,1,training,False,146478,146483
fma-small-cc-146639,1,1,1,1,training,False,146639,146639
fma-small-cc-146687,8,2,1,1,training,False,146687,146727
fma-small-cc-146879,1,1,1,1,validation,False,146879,146879
fma-small-cc-147087,1,1,1,1,training,False,147087,147087
fma-small-cc-147126,6,1,2,1,training,False,147126,150268
fma-small-cc-147191,1,1,1,1,training,False,147191,147191
fma-small-cc-147261,1,1,1,1,test,False,147261,147261
fma-small-cc-147295,1,1,1,1,training,False,147295,147295
fma-small-cc-147409,3,1,1,1,training,False,147409,147413
fma-small-cc-147780,1,1,1,1,training,False,147780,147780
fma-small-cc-147815,1,1,1,1,training,False,147815,147815
fma-small-cc-147956,1,1,1,1,training,False,147956,147956
fma-small-cc-148028,3,1,1,1,test,False,148028,148032
fma-small-cc-148066,8,1,1,1,training,False,148066,148079
fma-small-cc-148082,1,1,1,1,test,False,148082,148082
fma-small-cc-148099,1,1,1,1,training,False,148099,148099
fma-small-cc-148112,10,1,1,1,training,False,148112,148133
fma-small-cc-148186,17,1,3,1,validation,False,148186,148235
fma-small-cc-148246,1,1,1,1,training,False,148246,148246
fma-small-cc-148285,6,1,1,1,training,False,148285,148290
fma-small-cc-148302,3,3,1,2,training;validation,True,148302,148305
fma-small-cc-148429,2,2,1,2,test;validation,True,148429,148430
fma-small-cc-148510,7,1,1,1,training,False,148510,148519
fma-small-cc-148532,2,1,1,1,training,False,148532,148535
fma-small-cc-148584,4,1,1,1,training,False,148584,148587
fma-small-cc-148602,4,1,1,1,training,False,148602,148605
fma-small-cc-148606,8,1,1,1,test,False,148606,148613
fma-small-cc-149075,4,1,1,1,training,False,149075,149083
fma-small-cc-149099,5,1,1,1,training,False,149099,149103
fma-small-cc-149422,1,1,1,1,training,False,149422,149422
fma-small-cc-149452,1,1,1,1,validation,False,149452,149452
fma-small-cc-149488,1,1,1,1,training,False,149488,149488
fma-small-cc-149523,1,1,1,1,training,False,149523,149523
fma-small-cc-149623,3,1,1,1,test,False,149623,149626
fma-small-cc-149700,2,1,1,1,training,False,149700,149701
fma-small-cc-149712,2,1,1,1,training,False,149712,149714
fma-small-cc-149727,1,1,1,1,training,False,149727,149727
fma-small-cc-149750,2,1,2,1,training,False,149750,149842
fma-small-cc-149775,4,1,1,1,training,False,149775,149778
fma-small-cc-150015,3,1,1,1,test,False,150015,150018
fma-small-cc-150073,4,1,1,1,training,False,150073,150080
fma-small-cc-151404,1,1,1,1,training,False,151404,151404
fma-small-cc-152103,6,1,2,1,training,False,152103,152262
fma-small-cc-152425,1,1,1,1,training,False,152425,152425
fma-small-cc-152568,3,1,1,1,training,False,152568,152570
fma-small-cc-153337,1,1,1,1,training,False,153337,153337
fma-small-cc-153383,2,1,1,1,training,False,153383,153452
fma-small-cc-153946,1,1,1,1,training,False,153946,153946
fma-small-cc-154303,6,1,1,1,test,False,154303,154309
fma-small-cc-154413,2,1,1,1,training,False,154413,154414
fma-small-cc-155066,1,1,1,1,training,False,155066,155066
